{
  "alphas": [
    0.1,
    0.25,
    0.5,
    0.75,
    0.9
  ],
  "metrics": {
    "cal": {
      "cond_coverage_q10_q90": 0.9289174493326743,
      "cond_coverage_q25_q75": 0.8054374691052891,
      "coverage_q10_q90": 0.6075292351947971,
      "coverage_q25_q75": 0.5104121068100806,
      "mae_buckets": {
        "mae_0_10": 5.458352381946317,
        "mae_10_20": 0.8917819058916668,
        "mae_20_30": 2.146507803001927,
        "mae_30_plus": 1.4354535799026489,
        "mae_overall": 3.377314484570082
      },
      "mae_q50": 3.377314567565918,
      "mean_pi_width_q10_q90": 7.5329718589782715
    },
    "train": {
      "cond_coverage_q10_q90": 0.9060250788394172,
      "cond_coverage_q25_q75": 0.7427546783601401,
      "coverage_q10_q90": 0.6251408196524079,
      "coverage_q25_q75": 0.48910630106421377,
      "mae_buckets": {
        "mae_0_10": 5.622006911580028,
        "mae_10_20": 1.3574465611247113,
        "mae_20_30": 2.6414272516484623,
        "mae_30_plus": 1.9639649372515755,
        "mae_overall": 3.6434196004789405
      },
      "mae_q50": 3.6434192657470703,
      "mean_pi_width_q10_q90": 8.697768211364746
    },
    "val": {
      "cond_coverage_q10_q90": 0.6413776493256262,
      "cond_coverage_q25_q75": 0.404383429672447,
      "coverage_q10_q90": 0.5283564814814815,
      "coverage_q25_q75": 0.3238811728395062,
      "mae_buckets": {
        "mae_0_10": 12.058762721823106,
        "mae_10_20": 8.887960135225747,
        "mae_20_30": 7.508510711518201,
        "mae_30_plus": 6.807747056022411,
        "mae_overall": 9.191863424153668
      },
      "mae_q50": 9.191863059997559,
      "mean_pi_width_q10_q90": 10.548235893249512
    }
  },
  "run_id": "nn_full_v0",
  "target_col": "minutes"
}