{
  "total_slates": 10,
  "processed_slates": 10,
  "clean_slates": 10,
  "degraded_slates": 0,
  "skipped_slates": 0,
  "slates_with_labels": 7,
  "skip_reasons": {},
  "mae_A_mean": 4.870601543515761,
  "mae_B_mean": 4.1709095006705175,
  "mae_C_mean": 4.8086034446218875,
  "mae_D_mean": 4.451958263397907,
  "mae_E_mean": 4.567524117613265,
  "mae_F_mean": 4.243094232013528,
  "mae_M_mean": NaN,
  "mae_N_mean": NaN,
  "mae_D_best_mean": 4.333135842064595,
  "best_D_alpha_mode": 0.3,
  "mae_F_best_mean": 4.140671561617277,
  "best_F_p_mode": 1.0,
  "mae_N_best_mean": NaN,
  "best_N_bench_pool_mode": null,
  "best_N_core_k_mode": null,
  "mae_A_median": 4.400908739825612,
  "mae_B_median": 3.56086936515468,
  "mae_C_median": 4.235400258741998,
  "mae_D_median": 3.8202245274775444,
  "mae_E_median": 3.8977647919974925,
  "mae_F_median": 3.6613111033488055,
  "mae_M_median": NaN,
  "mae_N_median": NaN,
  "rmse_A_mean": 7.381331661775259,
  "rmse_B_mean": 6.414844595088133,
  "rmse_C_mean": 7.573077798871675,
  "rmse_D_mean": 6.8985198070057505,
  "rmse_E_mean": 7.039554378855949,
  "rmse_F_mean": 6.49403415493017,
  "rmse_M_mean": NaN,
  "rmse_N_mean": NaN,
  "mae_P_mean": 5.491198135299619,
  "mae_P_median": 5.491198135299619,
  "rmse_P_mean": 8.396520651952596,
  "mae_by_bucket_A": {
    "0-10": 2.9148348262059174,
    "10-20": 6.521455409473502,
    "20-30": 7.033504994020745,
    "30+": 6.578240966581674
  },
  "mae_by_bucket_B": {
    "0-10": 3.1206418618278984,
    "10-20": 4.783689226331363,
    "20-30": 6.010557368821062,
    "30+": 4.479511592408801
  },
  "mae_by_bucket_C": {
    "0-10": 2.710414704032249,
    "10-20": 7.374188725905792,
    "20-30": 7.152358431391582,
    "30+": 5.956972375424733
  },
  "mae_by_bucket_D": {
    "0-10": 2.52223088604007,
    "10-20": 6.67972467317315,
    "20-30": 6.606152328577677,
    "30+": 5.479051430716625
  },
  "mae_by_bucket_E": {
    "0-10": 2.527326762701398,
    "10-20": 7.113375102227062,
    "20-30": 6.846860519408752,
    "30+": 5.561851479597394
  },
  "mae_by_bucket_F": {
    "0-10": 2.799648822690662,
    "10-20": 5.318612837246767,
    "20-30": 6.9959967384736945,
    "30+": 4.367865008810804
  },
  "mae_by_bucket_M": {},
  "mae_by_bucket_N": {},
  "mae_by_bucket_P": {
    "0-10": 6.708972997762778,
    "10-20": 4.7372628804181005,
    "20-30": 3.7902656881213423,
    "30+": 4.735754048643237
  },
  "top5_sum_A_mean": 147.31724281413227,
  "top5_sum_B_mean": 153.60648083213698,
  "top5_sum_C_mean": 155.22981480735024,
  "top5_sum_D_mean": 158.37983124317674,
  "top5_sum_E_mean": 159.36669162852618,
  "top5_sum_F_mean": 161.19053568217527,
  "top5_sum_M_mean": NaN,
  "top5_sum_N_mean": NaN,
  "top5_sum_P_mean": 154.7410600188682,
  "top5_sum_A_p90": 162.18801058568997,
  "top5_sum_B_p90": 158.2114879528564,
  "top5_sum_C_p90": 165.09576068198797,
  "top5_sum_D_p90": 167.16987740681492,
  "top5_sum_E_p90": 167.78759467998194,
  "top5_sum_F_p90": 166.76219712697903,
  "top5_sum_M_p90": NaN,
  "top5_sum_N_p90": NaN,
  "top5_sum_P_p90": 155.2081616899048,
  "max_minutes_A_mean": 34.48136934672752,
  "max_minutes_B_mean": 34.003098777974564,
  "max_minutes_C_mean": 36.29283498673824,
  "max_minutes_D_mean": 37.3323981686553,
  "max_minutes_E_mean": 37.498573782475496,
  "max_minutes_F_mean": 36.383236949667506,
  "max_minutes_M_mean": NaN,
  "max_minutes_N_mean": NaN,
  "max_minutes_P_mean": 33.74925426686471,
  "max_minutes_A_p90": 39.66793354022571,
  "max_minutes_B_p90": 35.49546865724897,
  "max_minutes_C_p90": 39.84919714300556,
  "max_minutes_D_p90": 40.469672685348606,
  "max_minutes_E_p90": 40.863827104831394,
  "max_minutes_F_p90": 38.034034979965575,
  "max_minutes_M_p90": NaN,
  "max_minutes_N_p90": NaN,
  "max_minutes_P_p90": 33.875343335938844,
  "gini_A_mean": 0.32356664915849215,
  "gini_B_mean": 0.21091973407304346,
  "gini_C_mean": 0.2256498157510911,
  "gini_D_mean": 0.26223184487406404,
  "gini_E_mean": 0.2686539901144972,
  "gini_F_mean": 0.24750131703336606,
  "gini_M_mean": NaN,
  "gini_N_mean": NaN,
  "gini_P_mean": 0.21827380876699845,
  "hhi_A_mean": 0.1034970108877171,
  "hhi_B_mean": 0.1062173826968181,
  "hhi_C_mean": 0.11264871979044007,
  "hhi_D_mean": 0.1137928426234224,
  "hhi_E_mean": 0.11456189644046566,
  "hhi_F_mean": 0.11148793553844534,
  "hhi_M_mean": NaN,
  "hhi_N_mean": NaN,
  "hhi_P_mean": 0.1438121662592596,
  "top6_share_A_mean": 0.7047840383586461,
  "top6_share_B_mean": 0.7190681101493918,
  "top6_share_C_mean": 0.7429234231398432,
  "top6_share_D_mean": 0.7518121390879143,
  "top6_share_E_mean": 0.7586781345005005,
  "top6_share_F_mean": 0.7470580042657349,
  "top6_share_M_mean": NaN,
  "top6_share_N_mean": NaN,
  "top6_share_P_mean": 0.7521306930178587,
  "top8_share_A_mean": 0.8450561570917419,
  "top8_share_B_mean": 0.8500013895598153,
  "top8_share_C_mean": 0.8919980929107995,
  "top8_share_D_mean": 0.8912618398867581,
  "top8_share_E_mean": 0.8991950043668033,
  "top8_share_F_mean": 0.8674329692979883,
  "top8_share_M_mean": NaN,
  "top8_share_N_mean": NaN,
  "top8_share_P_mean": 0.9427224981796106,
  "sixth_man_mae_A_mean": 6.5491331586309185,
  "sixth_man_mae_B_mean": 6.1718068692075,
  "sixth_man_mae_C_mean": 6.6518460531782235,
  "sixth_man_mae_D_mean": 6.003745029864099,
  "sixth_man_mae_E_mean": 6.3180540851434035,
  "sixth_man_mae_F_mean": 7.25323062612208,
  "sixth_man_mae_M_mean": NaN,
  "sixth_man_mae_N_mean": NaN,
  "sixth_man_mae_P_mean": 4.152695812357673,
  "roster_size_A_mean": 12.837941919191916,
  "roster_size_B_mean": 10.860353535353536,
  "roster_size_C_mean": 10.47260101010101,
  "roster_size_D_mean": 10.802020202020202,
  "roster_size_E_mean": 10.85479797979798,
  "roster_size_F_mean": 10.860353535353536,
  "roster_size_M_mean": NaN,
  "roster_size_N_mean": NaN,
  "roster_size_P_mean": 16.0,
  "bench_crush_A_mean": 10.512263050868295,
  "bench_crush_B_mean": 12.968561814677523,
  "bench_crush_C_mean": 10.787926544906918,
  "bench_crush_D_mean": 10.42670538327545,
  "bench_crush_E_mean": 9.354275307837108,
  "bench_crush_F_mean": 11.51217567790514,
  "bench_crush_M_mean": NaN,
  "bench_crush_N_mean": NaN,
  "bench_crush_P_mean": 18.93274331310407,
  "bench_crush_A_p90": 13.288576983929508,
  "bench_crush_B_p90": 14.351049659550911,
  "bench_crush_C_p90": 14.819542099587483,
  "bench_crush_D_p90": 13.880678395088506,
  "bench_crush_E_p90": 12.555931899734544,
  "bench_crush_F_p90": 13.047145750165349,
  "bench_crush_M_p90": NaN,
  "bench_crush_N_p90": NaN,
  "bench_crush_P_p90": 19.394047314934646,
  "pct_teams_top5_lt_150_A": 0.3,
  "pct_teams_top5_lt_150_B": 0.3,
  "pct_teams_top5_lt_150_C": 0.3,
  "pct_teams_top5_lt_150_D": 0.3,
  "pct_teams_top5_lt_150_E": 0.3,
  "pct_teams_top5_lt_150_F": 0.1,
  "pct_teams_top5_lt_150_M": NaN,
  "pct_teams_top5_lt_150_N": NaN,
  "pct_teams_max_lt_30_A": 0.3,
  "pct_teams_max_lt_30_B": 0.0,
  "pct_teams_max_lt_30_C": 0.0,
  "pct_teams_max_lt_30_D": 0.0,
  "pct_teams_max_lt_30_E": 0.0,
  "pct_teams_max_lt_30_F": 0.0,
  "pct_teams_max_lt_30_M": NaN,
  "pct_teams_max_lt_30_N": NaN,
  "pct_teams_roster_ge_14_A": 0.3,
  "pct_teams_roster_ge_14_B": 0.0,
  "pct_teams_roster_ge_14_C": 0.0,
  "pct_teams_roster_ge_14_D": 0.0,
  "pct_teams_roster_ge_14_E": 0.0,
  "pct_teams_roster_ge_14_F": 0.0,
  "pct_teams_roster_ge_14_M": NaN,
  "pct_teams_roster_ge_14_N": NaN,
  "mae_delta_AB_mean": 0.6996920428452432,
  "mae_delta_AB_std": 0.1901130527930889,
  "mae_delta_CB_mean": 0.6376939439513697,
  "mae_delta_CB_std": 0.233205984172906,
  "mae_delta_DB_mean": 0.2810487627273895,
  "mae_delta_DB_std": 0.24146271272615294,
  "mae_delta_EB_mean": 0.39661461694274636,
  "mae_delta_EB_std": 0.22719699835254964,
  "mae_delta_FB_mean": 0.0721847313430098,
  "mae_delta_FB_std": 0.13231237934578938,
  "mae_delta_MB_mean": NaN,
  "mae_delta_MB_std": NaN,
  "mae_delta_NB_mean": NaN,
  "mae_delta_NB_std": NaN,
  "pct_slates_A_wins_mae": 0.0,
  "pct_slates_C_wins_mae": 0.0,
  "pct_slates_D_wins_mae": 0.0,