{
  "train": {
    "status=AVAIL,starter=0": {
      "rows": 1182,
      "mae_q50": 2.7083073028929774,
      "coverage_q10_q90": 0.6954314720812182,
      "cond_coverage_q10_q90": 0.8934782608695652,
      "mae_0_10": 4.623807312230194,
      "mae_10_20": 1.0926272737948155,
      "mae_20_30": 1.9713339484937715,
      "mae_30_plus": 10.08899256279614,
      "mae_overall": 2.7083073028929774
    },
    "status=AVAIL,starter=1": {
      "rows": 1573,
      "mae_q50": 1.1754934349333765,
      "coverage_q10_q90": 0.9186268277177368,
      "cond_coverage_q10_q90": 0.9186268277177368,
      "mae_0_10": NaN,
      "mae_10_20": 4.654693137966019,
      "mae_20_30": 1.4776515238437125,
      "mae_30_plus": 1.0318325586512265,
      "mae_overall": 1.1754934349333765
    },
    "status=PROB,starter=0": {
      "rows": 12,
      "mae_q50": 3.3215809463646657,
      "coverage_q10_q90": 0.75,
      "cond_coverage_q10_q90": 0.9,
      "mae_0_10": 4.03358306567583,
      "mae_10_20": 2.333860417658815,
      "mae_20_30": 4.860738293859887,
      "mae_30_plus": NaN,
      "mae_overall": 3.3215809463646657
    },
    "status=PROB,starter=1": {
      "rows": 20,
      "mae_q50": 2.16909502676939,
      "coverage_q10_q90": 0.9,
      "cond_coverage_q10_q90": 0.9,
      "mae_0_10": NaN,
      "mae_10_20": NaN,
      "mae_20_30": 2.8738686792366197,
      "mae_30_plus": 1.9341704759469804,
      "mae_overall": 2.16909502676939
    },
    "status=Q,starter=0": {
      "rows": 35,
      "mae_q50": 8.322096081162826,
      "coverage_q10_q90": 0.3142857142857143,
      "cond_coverage_q10_q90": 0.8461538461538461,
      "mae_0_10": 11.112641573026668,
      "mae_10_20": 1.521125001173278,
      "mae_20_30": 4.010997379317024,
      "mae_30_plus": NaN,
      "mae_overall": 8.322096081162826
    },
    "status=Q,starter=1": {
      "rows": 22,
      "mae_q50": 2.4537337926469602,
      "coverage_q10_q90": 0.9090909090909091,
      "cond_coverage_q10_q90": 0.9090909090909091,
      "mae_0_10": NaN,
      "mae_10_20": NaN,
      "mae_20_30": 2.929082299588445,
      "mae_30_plus": 2.0576100368623895,
      "mae_overall": 2.4537337926469602
    },
    "status=UNK,starter=0": {
      "rows": 80443,
      "mae_q50": 4.533565921105851,
      "coverage_q10_q90": 0.41288862921571795,
      "cond_coverage_q10_q90": 0.8997588141242785,
      "mae_0_10": 5.726862087733067,
      "mae_10_20": 1.3968854307683778,
      "mae_20_30": 2.97785018894643,
      "mae_30_plus": 7.510180247943163,
      "mae_overall": 4.533565921105851
    },
    "status=UNK,starter=1": {
      "rows": 31870,
      "mae_q50": 1.7930703202919083,
      "coverage_q10_q90": 0.8931283338562912,
      "cond_coverage_q10_q90": 0.8931283338562912,
      "mae_0_10": 4.6194328628044,
      "mae_10_20": 3.899493475166296,
      "mae_20_30": 2.081457991063422,
      "mae_30_plus": 1.6138662336601135,
      "mae_overall": 1.7930703202919083
    }
  },
  "cal": {
    "status=AVAIL,starter=0": {
      "rows": 115,
      "mae_q50": 0.9606759683256458,
      "coverage_q10_q90": 0.7217391304347827,
      "cond_coverage_q10_q90": 0.9021739130434783,
      "mae_0_10": 1.8471589177879306,
      "mae_10_20": 0.3060981153015075,
      "mae_20_30": 0.2064644433820883,
      "mae_30_plus": 4.401375507472828,
      "mae_overall": 0.9606759683256458
    },
    "status=AVAIL,starter=1": {
      "rows": 120,
      "mae_q50": 0.2966325051208111,
      "coverage_q10_q90": 0.9166666666666666,
      "cond_coverage_q10_q90": 0.9166666666666666,
      "mae_0_10": NaN,
      "mae_10_20": NaN,
      "mae_20_30": 0.402406814426472,
      "mae_30_plus": 0.2494801021773237,
      "mae_overall": 0.2966325051208111
    },
    "status=PROB,starter=0": {
      "rows": 1,
      "mae_q50": 1.128734592285479,
      "coverage_q10_q90": 1.0,
      "cond_coverage_q10_q90": 1.0,
      "mae_0_10": NaN,
      "mae_10_20": NaN,
      "mae_20_30": 1.128734592285479,
      "mae_30_plus": NaN,
      "mae_overall": 1.128734592285479
    },
    "status=PROB,starter=1": {
      "rows": 3,
      "mae_q50": 0.06559869693041283,
      "coverage_q10_q90": 1.0,
      "cond_coverage_q10_q90": 1.0,
      "mae_0_10": NaN,
      "mae_10_20": NaN,
      "mae_20_30": 0.11095067238289147,
      "mae_30_plus": 0.042922709204173515,
      "mae_overall": 0.06559869693041283
    },
    "status=Q,starter=0": {
      "rows": 10,
      "mae_q50": 3.6821261903032942,
      "coverage_q10_q90": 0.1,
      "cond_coverage_q10_q90": 0.5,
      "mae_0_10": 4.54103018952365,
      "mae_10_20": 0.28745187454708443,
      "mae_20_30": 0.2055685122966544,
      "mae_30_plus": NaN,
      "mae_overall": 3.6821261903032942
    },
    "status=Q,starter=1": {
      "rows": 2,
      "mae_q50": 0.47619809109854927,
      "coverage_q10_q90": 1.0,
      "cond_coverage_q10_q90": 1.0,
      "mae_0_10": NaN,
      "mae_10_20": NaN,
      "mae_20_30": NaN,
      "mae_30_plus": 0.47619809109854927,
      "mae_overall": 0.47619809109854927
    },
    "status=UNK,starter=0": {
      "rows": 8675,
      "mae_q50": 3.9661145607597077,
      "coverage_q10_q90": 0.39504322766570604,
      "cond_coverage_q10_q90": 0.9231598813696414,
      "mae_0_10": 5.0998346543117385,
      "mae_10_20": 0.9161517097734078,
      "mae_20_30": 2.020145354795387,
      "mae_30_plus": 3.2705086870404987,
      "mae_overall": 3.9661145607597077
    },
    "status=UNK,starter=1": {
      "rows": 3305,
      "mae_q50": 1.1567186935455873,
      "coverage_q10_q90": 0.9204236006051437,
      "cond_coverage_q10_q90": 0.9204236006051437,
      "mae_0_10": NaN,
      "mae_10_20": 5.001782315871761,
      "mae_20_30": 1.4964096626689976,
      "mae_30_plus": 0.9278713058614417,
      "mae_overall": 1.1567186935455873
    }
  },
  "val": {
    "status=AVAIL,starter=0": {
      "rows": 153,
      "mae_q50": 6.852191808650858,
      "coverage_q10_q90": 0.5424836601307189,
      "cond_coverage_q10_q90": 0.6747967479674797,
      "mae_0_10": 9.308114858881881,
      "mae_10_20": 3.765077334400229,
      "mae_20_30": 6.779798180387929,
      "mae_30_plus": NaN,
      "mae_overall": 6.852191808650858
    },
    "status=AVAIL,starter=1": {
      "rows": 121,
      "mae_q50": 3.7279688313980914,
      "coverage_q10_q90": 0.7355371900826446,
      "cond_coverage_q10_q90": 0.7355371900826446,
      "mae_0_10": NaN,
      "mae_10_20": 13.049168018447162,
      "mae_20_30": 4.572423729874337,
      "mae_30_plus": 3.0565910311866857,
      "mae_overall": 3.7279688313980914
    },
    "status=PROB,starter=1": {
      "rows": 3,
      "mae_q50": 4.682501010048246,
      "coverage_q10_q90": 0.6666666666666666,
      "cond_coverage_q10_q90": 0.6666666666666666,
      "mae_0_10": NaN,
      "mae_10_20": NaN,
      "mae_20_30": 7.2950791333197635,
      "mae_30_plus": 3.3762119484124877,
      "mae_overall": 4.682501010048246
    },
    "status=Q,starter=0": {
      "rows": 2,
      "mae_q50": 22.144070875281123,
      "coverage_q10_q90": 0.0,
      "cond_coverage_q10_q90": null,
      "mae_0_10": 22.144070875281123,
      "mae_10_20": NaN,
      "mae_20_30": NaN,
      "mae_30_plus": NaN,
      "mae_overall": 22.144070875281123
    },
    "status=Q,starter=1": {
      "rows": 3,
      "mae_q50": 1.840425230491211,
      "coverage_q10_q90": 0.6666666666666666,
      "cond_coverage_q10_q90": 0.6666666666666666,
      "mae_0_10": NaN,
      "mae_10_20": NaN,
      "mae_20_30": NaN,
      "mae_30_plus": 1.840425230491211,
      "mae_overall": 1.840425230491211
    },
    "status=UNK,starter=0": {
      "rows": 3172,
      "mae_q50": 5.677899262700092,
      "coverage_q10_q90": 0.4728877679697352,
      "cond_coverage_q10_q90": 0.6906077348066298,
      "mae_0_10": 6.9336233162616905,
      "mae_10_20": 3.782355924961483,
      "mae_20_30": 4.94012437800162,
      "mae_30_plus": 13.738808333075236,
      "mae_overall": 5.677899262700092
    },
    "status=UNK,starter=1": {
      "rows": 1730,
      "mae_q50": 3.642350113996212,