bucket,n_slates,mae_A_mean,mae_A_median,mae_A_std,mae_B_mean,mae_B_median,mae_B_std,mae_C_mean,mae_C_median,mae_C_std,mae_D_mean,mae_D_median,mae_D_std,mae_E_mean,mae_E_median,mae_E_std,mae_F_mean,mae_F_median,mae_F_std,winner,A_better,C_better,D_better,E_better,F_better
0-10,2,5.6699747627945705,5.6699747627945705,1.8400160660878666,5.1408133305361385,5.1408133305361385,1.4422585747922332,4.177275019110624,4.177275019110624,2.37814562130407,4.133547004467197,4.133547004467197,2.1778622659102895,4.329827306946805,4.329827306946805,2.1600358203550822,4.790461993032561,4.790461993032561,1.4606038283545155,D,False,True,True,True,True
10-20,2,6.577345433707815,6.577345433707815,0.13022782429156887,6.2260014325187445,6.2260014325187445,0.5400955794652855,7.612019299596911,7.612019299596911,0.30319509464350203,7.587163739445835,7.587163739445835,0.39844700280798895,7.576848077323838,7.576848077323838,0.3564601876091231,6.739527049082094,6.739527049082094,0.40216040826294197,B,False,False,False,False,False
20-30,2,6.767812941792894,6.767812941792894,1.2418755758642015,6.308033576965787,6.308033576965787,0.54523744020138,6.459640922616886,6.459640922616886,1.4058131053951737,6.8272479722414605,6.8272479722414605,1.0289260466369656,6.602007259869066,6.602007259869066,1.154339808022197,7.093865522764325,7.093865522764325,0.436138827454462,B,False,False,False,False,False
30+,2,6.555650902692209,6.555650902692209,2.876891212399419,5.377838065148728,5.377838065148728,1.7998706994397244,5.843437132111538,5.843437132111538,0.6742317761910339,5.327728930263496,5.327728930263496,0.8193721467755504,5.321502543422369,5.321502543422369,1.001178780409579,4.739552541365597,4.739552541365597,1.5418463879143696,F,False,False,True,True,True
