{
  "total_slates": 30,
  "processed_slates": 8,
  "clean_slates": 8,
  "degraded_slates": 0,
  "skipped_slates": 22,
  "slates_with_labels": 2,
  "skip_reasons": {
    "too_many_missing_features (9/58)": 22
  },
  "mae_A_mean": 6.164110780986842,
  "mae_B_mean": 5.550468400746756,
  "mae_C_mean": 5.429421920360713,
  "mae_D_mean": 5.370189782971082,
  "mae_E_mean": 5.419709443231168,
  "mae_F_mean": 5.486235215453695,
  "mae_M_mean": 5.698959929129634,
  "mae_D_best_mean": 5.266281231052819,
  "best_D_alpha_mode": 1.0,
  "mae_F_best_mean": 5.4648337794600135,
  "best_F_p_mode": 1.1,
  "mae_A_median": 6.164110780986842,
  "mae_B_median": 5.550468400746756,
  "mae_C_median": 5.429421920360713,
  "mae_D_median": 5.370189782971082,
  "mae_E_median": 5.419709443231168,
  "mae_F_median": 5.486235215453695,
  "mae_M_median": 5.698959929129634,
  "rmse_A_mean": 7.841742235726049,
  "rmse_B_mean": 8.16102998795055,
  "rmse_C_mean": 8.249008908736853,
  "rmse_D_mean": 7.932374622745574,
  "rmse_E_mean": 8.017339417052955,
  "rmse_F_mean": 8.003542851616608,
  "rmse_M_mean": 7.606884105457748,
  "mae_by_bucket_A": {
    "0-10": 5.6699747627945705,
    "10-20": 6.577345433707815,
    "20-30": 6.767812941792894,
    "30+": 6.555650902692209
  },
  "mae_by_bucket_B": {
    "0-10": 5.1408133305361385,
    "10-20": 6.2260014325187445,
    "20-30": 6.308033576965787,
    "30+": 5.377838065148728
  },
  "mae_by_bucket_C": {
    "0-10": 4.177275019110624,
    "10-20": 7.612019299596911,
    "20-30": 6.459640922616886,
    "30+": 5.843437132111538
  },
  "mae_by_bucket_D": {
    "0-10": 4.133547004467197,
    "10-20": 7.587163739445835,
    "20-30": 6.8272479722414605,
    "30+": 5.327728930263496
  },
  "mae_by_bucket_E": {
    "0-10": 4.329827306946805,
    "10-20": 7.576848077323838,
    "20-30": 6.602007259869066,
    "30+": 5.321502543422369
  },
  "mae_by_bucket_F": {
    "0-10": 4.790461993032561,
    "10-20": 6.739527049082094,
    "20-30": 7.093865522764325,
    "30+": 4.739552541365597
  },
  "mae_by_bucket_M": {
    "0-10": 5.491810060350838,
    "10-20": 3.112017430573477,
    "20-30": 4.974400360632024,
    "30+": 9.00782320202035
  },
  "top5_sum_A_mean": 151.60414314702857,
  "top5_sum_B_mean": 147.87508648509677,
  "top5_sum_C_mean": 167.21181784072513,
  "top5_sum_D_mean": 165.82428143379786,
  "top5_sum_E_mean": 164.442232208265,
  "top5_sum_F_mean": 154.97853330287938,
  "top5_sum_M_mean": 127.31281863983254,
  "top5_sum_A_p90": 155.46616424425565,
  "top5_sum_B_p90": 149.08303835484506,
  "top5_sum_C_p90": 171.34909827258144,
  "top5_sum_D_p90": 168.7210428731199,
  "top5_sum_E_p90": 167.00451961562527,
  "top5_sum_F_p90": 156.407267660492,
  "top5_sum_M_p90": 133.25362227894814,
  "max_minutes_A_mean": 36.44013755126987,
  "max_minutes_B_mean": 32.14894879360461,
  "max_minutes_C_mean": 40.13670574752372,
  "max_minutes_D_mean": 39.10352328270407,
  "max_minutes_E_mean": 39.050549077413976,
  "max_minutes_F_mean": 34.234062570172675,
  "max_minutes_M_mean": 27.918849168425524,
  "max_minutes_A_p90": 37.768533189781586,
  "max_minutes_B_p90": 32.4382728810193,
  "max_minutes_C_p90": 41.29557688215015,
  "max_minutes_D_p90": 40.01548239648355,
  "max_minutes_E_p90": 39.913639772763645,
  "max_minutes_F_p90": 34.57976848731135,
  "max_minutes_M_p90": 29.063393783527115,
  "gini_A_mean": 0.4644359524174825,
  "gini_B_mean": 0.18580216001457112,
  "gini_C_mean": 0.31249270861013373,
  "gini_D_mean": 0.30068523212575066,
  "gini_E_mean": 0.2924299478289264,
  "gini_F_mean": 0.21970001609305878,
  "gini_M_mean": 0.39208043590816766,
  "roster_size_A_mean": 17.4609375,
  "roster_size_B_mean": 10.9765625,
  "roster_size_C_mean": 10.9765625,
  "roster_size_D_mean": 10.9765625,
  "roster_size_E_mean": 10.9765625,
  "roster_size_F_mean": 10.9765625,
  "roster_size_M_mean": 16.0390625,
  "bench_crush_A_mean": 7.858523471004166,
  "bench_crush_B_mean": 14.453321016153275,
  "bench_crush_C_mean": 8.250640889014047,
  "bench_crush_D_mean": 8.91950830508306,
  "bench_crush_E_mean": 9.417297240783473,
  "bench_crush_F_mean": 13.128317971673884,
  "bench_crush_M_mean": 12.992546384980614,
  "bench_crush_A_p90": 8.77734316083615,
  "bench_crush_B_p90": 14.710861948423243,
  "bench_crush_C_p90": 9.334366726149295,
  "bench_crush_D_p90": 9.70633102360762,
  "bench_crush_E_p90": 10.115866652133086,
  "bench_crush_F_p90": 13.41525318000288,
  "bench_crush_M_p90": 13.520286728398263,
  "pct_teams_top5_lt_150_A": 0.125,
  "pct_teams_top5_lt_150_B": 1.0,
  "pct_teams_top5_lt_150_C": 0.0,
  "pct_teams_top5_lt_150_D": 0.0,
  "pct_teams_top5_lt_150_E": 0.0,
  "pct_teams_top5_lt_150_F": 0.125,
  "pct_teams_top5_lt_150_M": 1.0,
  "pct_teams_max_lt_30_A": 0.0,
  "pct_teams_max_lt_30_B": 0.0,
  "pct_teams_max_lt_30_C": 0.0,
  "pct_teams_max_lt_30_D": 0.0,
  "pct_teams_max_lt_30_E": 0.0,
  "pct_teams_max_lt_30_F": 0.0,
  "pct_teams_max_lt_30_M": 1.0,
  "pct_teams_roster_ge_14_A": 1.0,
  "pct_teams_roster_ge_14_B": 0.0,
  "pct_teams_roster_ge_14_C": 0.0,
  "pct_teams_roster_ge_14_D": 0.0,
  "pct_teams_roster_ge_14_E": 0.0,
  "pct_teams_roster_ge_14_F": 0.0,
  "pct_teams_roster_ge_14_M": 1.0,
  "mae_delta_AB_mean": 0.6136423802400861,
  "mae_delta_AB_std": 0.4183183597817992,
  "mae_delta_CB_mean": -0.12104648038604338,
  "mae_delta_CB_std": 0.35654534318905085,
  "mae_delta_DB_mean": -0.180278617775675,
  "mae_delta_DB_std": 0.24102840293900707,
  "mae_delta_EB_mean": -0.13075895751558786,
  "mae_delta_EB_std": 0.28082810274820336,
  "mae_delta_FB_mean": -0.06423318529306199,
  "mae_delta_FB_std": 0.06570832380774982,
  "mae_delta_MB_mean": 0.14849152838287805,
  "mae_delta_MB_std": 0.9610765170662006,
  "pct_slates_A_wins_mae": 0.0,
  "pct_slates_C_wins_mae": 0.5,
  "pct_slates_D_wins_mae": 0.5,
  "pct_slates_E_wins_mae": 0.5,
  "pct_slates_F_wins_mae": 0.5,
  "pct_slates_M_wins_mae": 0.5,
  "pct_slates_A_wins_top5": 0.5,
  "pct_slates_C_wins_top5": 1.0,
  "pct_slates_D_wins_top5": 1.0,
  "pct_slates_E_wins_top5": 1.0,
  "pct_slates_F_wins_top5": 1.0,
  "pct_slates_M_wins_top5": 0.0,
  "pct_slates_A_wins_both": 0.0,
  "pct_slates_C_wins_both": 0.5,
  "pct_slates_D_wins_both": 0.5,
  "pct_slates_E_wins_both": 0.5,
  "pct_slates_F_wins_both": 0.5,
  "pct_slates_M_wins_both": 0.0,
  "ordering_10_30_A_mean": 0.7773412698412698,
  "ordering_10_30_B_mean": 0.7356597222222223,
  "ordering_10_30_C_mean": 0.763799603174603,
  "ordering_10_30_D_mean": 0.7618253968253967,
  "ordering_10_30_E_mean": 0.7652480158730159,
  "ordering_10_30_F_mean": 0.7356597222222223,
  "ordering_10_30_M_mean": 0.796423611111111
}