{
  "cal_rows": 3760,
  "conformal_buckets": "starter,p50bins",
  "conformal_k": 200,
  "conformal_mode": "two-sided",
  "fold_id": null,
  "inside_cov": 0.5495008319467554,
  "mpiwn": 12.475607526594855,
  "nonmono_clip_rate": 0.0,
  "nonmono_rate_final": 0.0,
  "nonmono_rate_raw": 0.0,
  "per_bucket": {
    "bench|8-18": {
      "cond_inside_cov": 0.6827586206896552,
      "cond_n": 580,
      "cond_p10_cov": 0.2,
      "cond_p90_cov": 0.8827586206896552,
      "inside_cov": 0.4919254658385093,
      "n": 805,
      "p10_cov": 0.4236024844720497,
      "p90_cov": 0.915527950310559
    },
    "bench|<8": {
      "cond_inside_cov": 0.7681159420289855,
      "cond_n": 207,
      "cond_p10_cov": 0.0821256038647343,
      "cond_p90_cov": 0.8502415458937198,
      "inside_cov": 0.3278350515463918,
      "n": 485,
      "p10_cov": 0.6082474226804123,
      "p90_cov": 0.9360824742268041
    },
    "bench|>18": {
      "cond_inside_cov": 0.6436781609195402,
      "cond_n": 261,
      "cond_p10_cov": 0.24904214559386972,
      "cond_p90_cov": 0.89272030651341,
      "inside_cov": 0.6363636363636364,
      "n": 264,
      "p10_cov": 0.25757575757575757,
      "p90_cov": 0.8939393939393939
    },
    "starter|8-18": {
      "cond_inside_cov": 0.0,
      "cond_n": 1,
      "cond_p10_cov": 0.0,
      "cond_p90_cov": 0.0,
      "inside_cov": 0.0,
      "n": 1,
      "p10_cov": 0.0,
      "p90_cov": 0.0
    },
    "starter|>18": {
      "cond_inside_cov": 0.7043580683156654,
      "cond_n": 849,
      "cond_p10_cov": 0.18021201413427562,
      "cond_p90_cov": 0.8845700824499411,
      "inside_cov": 0.7043580683156654,
      "n": 849,
      "p10_cov": 0.18021201413427562,
      "p90_cov": 0.8845700824499411
    }
  },
  "play_prob_head_enabled": true,
  "playable_acceptance": {
    "p10_bounds": {
      "hi": 0.12,
      "lo": 0.08
    },
    "p90_bounds": {
      "hi": 0.94,
      "lo": 0.87
    },
    "passed": false,
    "playable_cond_count": 1654,
    "playable_count": 1860,
    "reasons": [
      "p10_cond_playable=0.1977025392986699 outside (0.08, 0.12)"
    ],
    "winkler_baseline": null,
    "winkler_tolerance": 1.0
  },
  "playable_cond_count": 1654,
  "playable_count": 1860,
  "playable_minutes_threshold": 10.0,
  "run_id": "retrained_healthy_data_20251205",
  "target_col": "minutes",
  "train_rows": 68343,
  "val_excess_p10": 0.08664999222765207,
  "val_excess_p90": 0.0021839601512961826,
  "val_floor_p10": 0.26983919246452764,
  "val_floor_p90": 0.9038060564876389,
  "val_inside_cond_playable": 0.6880290205562274,
  "val_mae_0_10": 8.259428551206312,
  "val_mae_10_20": 3.4830647259050043,
  "val_mae_20_30": 4.703003765373548,
  "val_mae_30_plus": 3.365063779813442,
  "val_mae_overall": 5.44790557657701,
  "val_mae_p50": 5.44790557657701,
  "val_mae_p50_raw": 5.44790557657701,
  "val_p10_cond_playable": 0.1977025392986699,
  "val_p10_conditional": 0.18493150684931506,
  "val_p10_coverage": 0.3564891846921797,
  "val_p10_raw_coverage": 0.3277870216306156,
  "val_p90_cond_playable": 0.8857315598548973,
  "val_p90_conditional": 0.880927291886196,
  "val_p90_coverage": 0.9059900166389351,
  "val_p90_raw_coverage": 0.9030782029950083,
  "val_play_prob_brier": 0.12526316464602058,
  "val_play_prob_brier_playable": 0.07912117696616396,
  "val_play_prob_ece": 0.029375303490962165,
  "val_play_prob_ece_playable": 0.025643540944357997,
  "val_play_prob_mean": 0.7780356387997615,
  "val_play_prob_threshold": 0.5,
  "val_rows": 2404,
  "val_rows_unique": 2404,
  "val_will_play_rate": 0.7895174708818635,
  "val_winkler_cond_playable": 20.07377538271662,
  "winkler_alpha_0_2": 26.152963445905023
}