{
  "cal_rows": 65923,
  "conformal_buckets": "starter,p50bins",
  "conformal_k": 200,
  "conformal_mode": "two-sided",
  "fold_id": null,
  "inside_cov": 0.40923163523782724,
  "mpiwn": 15.170141781909582,
  "nonmono_clip_rate": 0.0,
  "nonmono_rate_final": 0.0,
  "nonmono_rate_raw": 0.0,
  "per_bucket": {
    "bench|8-18": {
      "cond_inside_cov": 0.5786802030456852,
      "cond_n": 197,
      "cond_p10_cov": 0.28426395939086296,
      "cond_p90_cov": 0.8629441624365483,
      "inside_cov": 0.5205479452054794,
      "n": 219,
      "p10_cov": 0.3561643835616438,
      "p90_cov": 0.8767123287671232
    },
    "bench|<8": {
      "cond_inside_cov": 0.5850622406639004,
      "cond_n": 241,
      "cond_p10_cov": 0.08713692946058091,
      "cond_p90_cov": 0.6721991701244814,
      "inside_cov": 0.25497287522603973,
      "n": 553,
      "p10_cov": 0.6021699819168174,
      "p90_cov": 0.8571428571428571
    },
    "bench|>18": {
      "cond_inside_cov": 0.7588652482269505,
      "cond_n": 705,
      "cond_p10_cov": 0.19574468085106383,
      "cond_p90_cov": 0.9546099290780142,
      "inside_cov": 0.3280196198651134,
      "n": 1631,
      "p10_cov": 0.6523605150214592,
      "p90_cov": 0.9803801348865726
    },
    "starter|8-18": {
      "cond_inside_cov": 0.047619047619047616,
      "cond_n": 21,
      "cond_p10_cov": 0.0,
      "cond_p90_cov": 0.047619047619047616,
      "inside_cov": 0.047619047619047616,
      "n": 21,
      "p10_cov": 0.0,
      "p90_cov": 0.047619047619047616
    },
    "starter|<8": {
      "cond_inside_cov": 0.0,
      "cond_n": 10,
      "cond_p10_cov": 0.0,
      "cond_p90_cov": 0.0,
      "inside_cov": 0.0,
      "n": 10,
      "p10_cov": 0.0,
      "p90_cov": 0.0
    },
    "starter|>18": {
      "cond_inside_cov": 0.7449438202247192,
      "cond_n": 890,
      "cond_p10_cov": 0.08876404494382023,
      "cond_p90_cov": 0.8337078651685393,
      "inside_cov": 0.5924932975871313,
      "n": 1119,
      "p10_cov": 0.2752457551385165,
      "p90_cov": 0.8677390527256479
    }
  },
  "playable_acceptance": {
    "p10_bounds": {
      "hi": 0.12,
      "lo": 0.08
    },
    "p90_bounds": {
      "hi": 0.94,
      "lo": 0.87
    },
    "passed": false,
    "playable_cond_count": 1777,
    "playable_count": 2944,
    "reasons": [
      "p10_cond_playable=0.148564997186269 outside (0.08, 0.12)"
    ],
    "winkler_baseline": null,
    "winkler_tolerance": 1.0
  },
  "playable_cond_count": 1777,
  "playable_count": 2944,
  "playable_minutes_threshold": 10.0,
  "run_id": "v1_recent_history_rebuilt_20251121",
  "target_col": "minutes",
  "train_rows": 68712,
  "val_excess_p10": 0.23717452435388414,
  "val_excess_p90": 0.009769000635873604,
  "val_floor_p10": 0.2646549155560511,
  "val_floor_p90": 0.9012920745118889,
  "val_inside_cond_playable": 0.7287563308947664,
  "val_mae_0_10": 17.191710724871655,
  "val_mae_10_20": 6.425782523974542,
  "val_mae_20_30": 4.228898169375326,
  "val_mae_30_plus": 7.840285710781186,
  "val_mae_overall": 11.82382742892072,
  "val_mae_p50": 11.82382742892072,
  "val_mae_p50_raw": 11.82382742892072,
  "val_p10_cond_playable": 0.148564997186269,
  "val_p10_conditional": 0.14244186046511628,
  "val_p10_coverage": 0.5018294399099352,
  "val_p10_raw_coverage": 0.5102730087250211,
  "val_p90_cond_playable": 0.8773213280810355,
  "val_p90_conditional": 0.8468992248062015,
  "val_p90_coverage": 0.9110610751477625,
  "val_p90_raw_coverage": 0.9082465522094005,
  "val_play_prob_brier": 0.30617767919054967,
  "val_play_prob_brier_playable": 0.3121739860758266,
  "val_play_prob_ece": 0.2362293510522965,
  "val_play_prob_ece_playable": 0.2516216545582421,
  "val_play_prob_mean": 0.778250744529617,
  "val_play_prob_threshold": 0.5,
  "val_rows": 3665,
  "val_rows_unique": 3553,
  "val_will_play_rate": 0.8995215311004785,
  "val_winkler_cond_playable": 27.143013176927543,
  "winkler_alpha_0_2": 68.16037459620374
}