{
  "cal_rows": 12231,
  "conformal_buckets": "starter,p50bins",
  "conformal_k": 200,
  "conformal_mode": "two-sided",
  "fold_id": null,
  "inside_cov": 0.343014521782674,
  "mpiwn": 14.826128410004895,
  "nonmono_clip_rate": 0.0,
  "nonmono_rate_final": 0.0,
  "nonmono_rate_raw": 0.0,
  "per_bucket": {
    "bench|8-18": {
      "cond_inside_cov": 0.720554272517321,
      "cond_n": 433,
      "cond_p10_cov": 0.18706697459584296,
      "cond_p90_cov": 0.9076212471131639,
      "inside_cov": 0.5853658536585367,
      "n": 533,
      "p10_cov": 0.3395872420262664,
      "p90_cov": 0.924953095684803
    },
    "bench|<8": {
      "cond_inside_cov": 0.7795275590551181,
      "cond_n": 254,
      "cond_p10_cov": 0.03937007874015748,
      "cond_p90_cov": 0.8188976377952756,
      "inside_cov": 0.3142857142857143,
      "n": 630,
      "p10_cov": 0.6126984126984127,
      "p90_cov": 0.926984126984127
    },
    "bench|>18": {
      "cond_inside_cov": 0.6651162790697674,
      "cond_n": 1290,
      "cond_p10_cov": 0.07829457364341086,
      "cond_p90_cov": 0.7434108527131783,
      "inside_cov": 0.2778497409326425,
      "n": 3088,
      "p10_cov": 0.614961139896373,
      "p90_cov": 0.8928108808290155
    },
    "starter|8-18": {
      "cond_inside_cov": 0.717741935483871,
      "cond_n": 124,
      "cond_p10_cov": 0.12903225806451613,
      "cond_p90_cov": 0.8467741935483871,
      "inside_cov": 0.6449275362318841,
      "n": 138,
      "p10_cov": 0.21739130434782608,
      "p90_cov": 0.8623188405797102
    },
    "starter|<8": {
      "cond_inside_cov": 0.763157894736842,
      "cond_n": 38,
      "cond_p10_cov": 0.07894736842105263,
      "cond_p90_cov": 0.8421052631578947,
      "inside_cov": 0.2710280373831776,
      "n": 107,
      "p10_cov": 0.6728971962616822,
      "p90_cov": 0.9439252336448598
    },
    "starter|>18": {
      "cond_inside_cov": 0.7184343434343434,
      "cond_n": 792,
      "cond_p10_cov": 0.21464646464646464,
      "cond_p90_cov": 0.9330808080808081,
      "inside_cov": 0.38060200668896316,
      "n": 1495,
      "p10_cov": 0.5839464882943144,
      "p90_cov": 0.9645484949832775
    }
  },
  "playable_acceptance": {
    "p10_bounds": {
      "hi": 0.12,
      "lo": 0.08
    },
    "p90_bounds": {
      "hi": 0.94,
      "lo": 0.87
    },
    "passed": false,
    "playable_cond_count": 2563,
    "playable_count": 5126,
    "reasons": [
      "p10_cond_playable=0.13616855247756535 outside (0.08, 0.12)",
      "p90_cond_playable=0.8294966835739368 outside (0.87, 0.94)"
    ],
    "winkler_baseline": null,
    "winkler_tolerance": 1.0
  },
  "playable_cond_count": 2563,
  "playable_count": 5126,
  "playable_minutes_threshold": 10.0,
  "run_id": "v1_backfilled_20251121",
  "target_col": "minutes",
  "train_rows": 187775,
  "val_excess_p10": 0.296308235068385,
  "val_excess_p90": 0.016210220027948696,
  "val_floor_p10": 0.27805330724508526,
  "val_floor_p90": 0.9011658440681956,
  "val_inside_cond_playable": 0.6933281310963715,
  "val_mae_0_10": 18.66165036880815,
  "val_mae_10_20": 5.4839810752813785,
  "val_mae_20_30": 4.40876999020768,
  "val_mae_30_plus": 5.609086820907017,
  "val_mae_overall": 13.207702741626884,
  "val_mae_p50": 13.207702741626884,
  "val_mae_p50_raw": 13.207702741626884,
  "val_p10_cond_playable": 0.13616855247756535,
  "val_p10_conditional": 0.1299897645854657,
  "val_p10_coverage": 0.5743615423134703,
  "val_p10_raw_coverage": 0.5623435152729094,
  "val_p90_cond_playable": 0.8294966835739368,
  "val_p90_conditional": 0.8311156601842374,
  "val_p90_coverage": 0.9173760640961443,
  "val_p90_raw_coverage": 0.9579369053580371,
  "val_play_prob_brier": 0.3600405382081135,
  "val_play_prob_brier_playable": 0.3787472342053983,
  "val_play_prob_ece": 0.34800396581860565,
  "val_play_prob_ece_playable": 0.38172628702174033,
  "val_play_prob_mean": 0.7680125495771194,
  "val_play_prob_threshold": 0.5,
  "val_rows": 10563,
  "val_rows_unique": 5991,
  "val_will_play_rate": 0.871306960440661,
  "val_winkler_cond_playable": 26.58749633601499,
  "winkler_alpha_0_2": 79.96748554934514
}