{
  "categorical": {
    "home_flag": [
      "0",
      "1"
    ],
    "injury_snapshot_missing": [
      "0",
      "1"
    ],
    "starter_flag": [
      "0",
      "1"
    ]
  },
  "continuous": {
    "arch_delta_max_role": {
      "mean": 0.0,
      "std": 1.0
    },
    "arch_delta_min_role": {
      "mean": 0.0,
      "std": 1.0
    },
    "arch_delta_same_pos": {
      "mean": 0.0,
      "std": 1.0
    },
    "arch_delta_sum": {
      "mean": 0.0,
      "std": 1.0
    },
    "arch_missing_same_pos_count": {
      "mean": 0.0,
      "std": 1.0
    },
    "arch_missing_total_count": {
      "mean": 0.0,
      "std": 1.0
    },
    "available_B": {
      "mean": 1.8979692917285784,
      "std": 0.774462914151978
    },
    "available_G": {
      "mean": 7.177810797424468,
      "std": 1.4293959633606172
    },
    "available_W": {
      "mean": 8.402179296681526,
      "std": 1.6413777918321735
    },
    "away_team_id": {
      "mean": 1610612751.4056463,
      "std": 8.441588350769882
    },
    "blowout_index": {
      "mean": 0.7072758791480931,
      "std": 0.40267832724514024
    },
    "days_since_last": {
      "mean": 0.0,
      "std": 1.0
    },
    "days_since_return": {
      "mean": 0.0,
      "std": 1.0
    },
    "games_since_return": {
      "mean": 0.0,
      "std": 1.0
    },
    "home_team_id": {
      "mean": 1610612751.50421,
      "std": 8.774166068668492
    },
    "is_3in4": {
      "mean": 0.7325408618127786,
      "std": 0.4426338753274202
    },
    "is_4in6": {
      "mean": 0.8405151064883606,
      "std": 0.36612765841058836
    },
    "is_b2b": {
      "mean": 0.0,
      "std": 1.0
    },
    "is_confirmed_starter": {
      "mean": 0.6092124814264487,
      "std": 0.487926873517618
    },
    "is_out": {
      "mean": 0.0,
      "std": 1.0
    },
    "is_prob": {
      "mean": 0.0004952947003467063,
      "std": 0.02224970524538504
    },
    "is_projected_starter": {
      "mean": 0.6092124814264487,
      "std": 0.487926873517618
    },
    "is_q": {
      "mean": 0.0004952947003467063,
      "std": 0.022249705245385044
    },
    "min_last1": {
      "mean": 22.872709262010897,
      "std": 10.66298911692222
    },
    "min_last3": {
      "mean": 21.760107313851744,
      "std": 10.920030016422889
    },
    "min_last5": {
      "mean": 21.33723252435199,
      "std": 10.84404491815082
    },
    "prior_play_prob": {
      "mean": 0.9663905325443787,
      "std": 0.035275603388049255
    },
    "ramp_flag": {
      "mean": 0.0,
      "std": 1.0
    },
    "recent_start_pct_10": {
      "mean": 1.0,
      "std": 1.0
    },
    "restriction_flag": {
      "mean": 0.0004952947003467063,
      "std": 0.02224970524538504
    },
    "roll_iqr_5": {
      "mean": 5.546892479775466,
      "std": 7.719255813399544
    },
    "roll_mean_10": {
      "mean": 20.99605496775343,
      "std": 10.725537898422184
    },
    "roll_mean_3": {
      "mean": 21.760107313851744,
      "std": 10.920030016422889
    },
    "roll_mean_5": {
      "mean": 21.33723252435199,
      "std": 10.84404491815082
    },
    "same_archetype_overlap": {
      "mean": 0.9910846953937593,
      "std": 0.09399905292086008
    },
    "spread_home": {
      "mean": -1.5718177315502724,
      "std": 7.371823202561848
    },
    "starter_prev_game_asof": {
      "mean": 1.0,
      "std": 1.0
    },
    "sum_min_7d": {
      "mean": 72.70798514115899,
      "std": 66.74995321150946
    },
    "team_minutes_dispersion_prior": {
      "mean": 13.777766813748169,
      "std": 1.4597824841050648
    },
    "total": {
      "mean": 226.3169886082219,
      "std": 8.940453700891252
    },
    "z_vs_10": {
      "mean": 0.2656690509606385,
      "std": 1.1787088414229299
    }
  }
}