{
  "total_slates": 32,
  "processed_slates": 32,
  "clean_slates": 32,
  "degraded_slates": 0,
  "skipped_slates": 0,
  "slates_with_labels": 12,
  "skip_reasons": {},
  "mae_A_mean": 5.429941537319087,
  "mae_B_mean": 5.2864208631818315,
  "mae_C_mean": 5.122724963987227,
  "mae_D_mean": 5.073643145165058,
  "mae_E_mean": 5.099186368960931,
  "mae_F_mean": 5.206584272058811,
  "mae_M_mean": 5.647454233084205,
  "mae_N_mean": 5.541531950584048,
  "mae_D_best_mean": 4.983676351399711,
  "best_D_alpha_mode": 0.7,
  "mae_F_best_mean": 5.193821664395824,
  "best_F_p_mode": 1.2,
  "mae_N_best_mean": 5.2271981111885815,
  "best_N_bench_pool_mode": 70.0,
  "best_N_core_k_mode": 5,
  "mae_A_median": 4.823502240941478,
  "mae_B_median": 4.960337545201234,
  "mae_C_median": 4.610941275281462,
  "mae_D_median": 4.564348093132736,
  "mae_E_median": 4.562451845033596,
  "mae_F_median": 4.821425880477923,
  "mae_M_median": 4.84686408574882,
  "mae_N_median": 4.8195111740161884,
  "rmse_A_mean": 7.441664792677176,
  "rmse_B_mean": 7.893303372683087,
  "rmse_C_mean": 7.806529369577878,
  "rmse_D_mean": 7.603985588268756,
  "rmse_E_mean": 7.6567168707178626,
  "rmse_F_mean": 7.749261930357339,
  "rmse_M_mean": 7.466229521205957,
  "rmse_N_mean": 7.541132987739704,
  "mae_by_bucket_A": {
    "0-10": 4.393487185227615,
    "10-20": 6.350736680282452,
    "20-30": 6.978915444649027,
    "30+": 5.893075121430313
  },
  "mae_by_bucket_B": {
    "0-10": 4.586125987255852,
    "10-20": 5.322304638192343,
    "20-30": 6.384545352260827,
    "30+": 5.822199422836963
  },
  "mae_by_bucket_C": {
    "0-10": 3.5255278614767196,
    "10-20": 7.2481309998062,
    "20-30": 7.437587001332026,
    "30+": 5.172301981977195
  },
  "mae_by_bucket_D": {
    "0-10": 3.5328235780255777,
    "10-20": 7.0258841394070375,
    "20-30": 7.674950024954033,
    "30+": 4.825654960470025
  },
  "mae_by_bucket_E": {
    "0-10": 3.662819991783728,
    "10-20": 6.918535110198463,
    "20-30": 7.537896955466614,
    "30+": 4.875129531729982
  },
  "mae_by_bucket_F": {
    "0-10": 4.259814093477699,
    "10-20": 5.777323558081906,
    "20-30": 7.277939317272998,
    "30+": 4.9843431426078
  },
  "mae_by_bucket_M": {
    "0-10": 5.138504981757801,
    "10-20": 3.624403503506333,
    "20-30": 5.332313623942532,
    "30+": 8.91411916618028
  },
  "mae_by_bucket_N": {
    "0-10": 4.784295524300993,
    "10-20": 5.353663648603916,
    "20-30": 5.639918425927395,
    "30+": 7.485223460588268
  },
  "top5_sum_A_mean": 148.65114010228552,
  "top5_sum_B_mean": 146.05712484287852,
  "top5_sum_C_mean": 162.36317097662032,
  "top5_sum_D_mean": 162.02708896342165,
  "top5_sum_E_mean": 161.1938768975594,
  "top5_sum_F_mean": 152.8189851653102,
  "top5_sum_M_mean": 122.62527238188203,
  "top5_sum_N_mean": 137.52294463130852,
  "top5_sum_A_p90": 158.98408249745341,
  "top5_sum_B_p90": 148.77007368923182,
  "top5_sum_C_p90": 169.46797812505827,
  "top5_sum_D_p90": 168.2859648301387,
  "top5_sum_E_p90": 166.84808226952123,
  "top5_sum_F_p90": 156.10152227697367,
  "top5_sum_M_p90": 139.13599350399065,
  "top5_sum_N_p90": 138.99067276526125,
  "max_minutes_A_mean": 35.292488933977154,
  "max_minutes_B_mean": 31.7395238941091,
  "max_minutes_C_mean": 38.52738870749283,
  "max_minutes_D_mean": 37.84551329993365,
  "max_minutes_E_mean": 37.86708288478568,
  "max_minutes_F_mean": 33.741182263443484,
  "max_minutes_M_mean": 26.61007629413174,
  "max_minutes_N_mean": 29.833338344613246,
  "max_minutes_A_p90": 37.69371001515706,
  "max_minutes_B_p90": 32.33759241134361,
  "max_minutes_C_p90": 41.19709681953651,
  "max_minutes_D_p90": 39.82106728167237,
  "max_minutes_E_p90": 39.84919973123105,
  "max_minutes_F_p90": 34.44826818839492,
  "max_minutes_M_p90": 30.142243197702463,
  "max_minutes_N_p90": 30.32293599729752,
  "gini_A_mean": 0.4305688328856696,
  "gini_B_mean": 0.17660518732680255,
  "gini_C_mean": 0.2841545696904183,
  "gini_D_mean": 0.276628962993712,
  "gini_E_mean": 0.27129109874140744,
  "gini_F_mean": 0.20910498697670626,
  "gini_M_mean": 0.3303194346201297,
  "gini_N_mean": 0.3885834022647807,
  "roster_size_A_mean": 16.54735863095238,
  "roster_size_B_mean": 10.950093005952382,
  "roster_size_C_mean": 10.950093005952382,
  "roster_size_D_mean": 10.950093005952382,
  "roster_size_E_mean": 10.950093005952382,
  "roster_size_F_mean": 10.950093005952382,
  "roster_size_M_mean": 16.18470982142857,
  "roster_size_N_mean": 15.770777529761904,
  "bench_crush_A_mean": 9.044107875122346,
  "bench_crush_B_mean": 14.622658215796495,
  "bench_crush_C_mean": 9.550747272672616,
  "bench_crush_D_mean": 9.990658978197683,
  "bench_crush_E_mean": 10.217194783202894,
  "bench_crush_F_mean": 13.327172860641781,
  "bench_crush_M_mean": 13.205845929855549,
  "bench_crush_N_mean": 11.053678681466916,
  "bench_crush_A_p90": 10.158030219057983,
  "bench_crush_B_p90": 14.9246897103518,
  "bench_crush_C_p90": 10.86345306679244,
  "bench_crush_D_p90": 11.05303120086107,
  "bench_crush_E_p90": 11.120891243450803,
  "bench_crush_F_p90": 13.65187859611626,
  "bench_crush_M_p90": 14.122164924327809,
  "bench_crush_N_p90": 12.305317933221065,
  "pct_teams_top5_lt_150_A": 0.625,
  "pct_teams_top5_lt_150_B": 0.96875,
  "pct_teams_top5_lt_150_C": 0.0,
  "pct_teams_top5_lt_150_D": 0.0,
  "pct_teams_top5_lt_150_E": 0.0,
  "pct_teams_top5_lt_150_F": 0.28125,
  "pct_teams_top5_lt_150_M": 1.0,
  "pct_teams_top5_lt_150_N": 1.0,
  "pct_teams_max_lt_30_A": 0.0,
  "pct_teams_max_lt_30_B": 0.0,
  "pct_teams_max_lt_30_C": 0.0,
  "pct_teams_max_lt_30_D": 0.0,
  "pct_teams_max_lt_30_E": 0.0,
  "pct_teams_max_lt_30_F": 0.0,
  "pct_teams_max_lt_30_M": 0.84375,
  "pct_teams_max_lt_30_N": 0.65625,
  "pct_teams_roster_ge_14_A": 0.84375,
  "pct_teams_roster_ge_14_B": 0.0,
  "pct_teams_roster_ge_14_C": 0.0,
  "pct_teams_roster_ge_14_D": 0.0,
  "pct_teams_roster_ge_14_E": 0.0,
  "pct_teams_roster_ge_14_F": 0.0,
  "pct_teams_roster_ge_14_M": 0.84375,
  "pct_teams_roster_ge_14_N": 0.84375,
  "mae_delta_AB_mean": 0.14352067413725544,
  "mae_delta_AB_std": 0.43227519799115005,
  "mae_delta_CB_mean": -0.16369589919460462,
  "mae_delta_CB_std": 0.46231738061091415,
  "mae_delta_DB_mean": -0.21277771801677314,
  "mae_delta_DB_std": 0.3526656645621716,
  "mae_delta_EB_mean": -0.18723449422090155,
  "mae_delta_EB_std": 0.3713589948750251,
  "mae_delta_FB_mean": -0.0798365911230207,
  "mae_delta_FB_std": 0.05226822476628775,
  "mae_delta_MB_mean": 0.3610333699023734,
  "mae_delta_MB_std": 0.7623521777027082,
  "mae_delta_NB_mean": 0.25511108740221616,
  "mae_delta_NB_std": 0.4848526733987504,
  "pct_slates_A_wins_mae": 0.4166666666666667,
  "pct_slates_C_wins_mae": 0.6666666666666666,
  "pct_slates_D_wins_mae": 0.6666666666666666,
  "pct_slates_E_wins_mae": 0.6666666666666666,
  "pct_slates_F_wins_mae": 0.9166666666666666,
  "pct_slates_M_wins_mae": 0.4166666666666667,
  "pct_slates_N_wins_mae": 0.3333333333333333,
  "pct_slates_A_wins_top5": 0.5833333333333334,
  "pct_slates_C_wins_top5": 1.0,
  "pct_slates_D_wins_top5": 1.0,
  "pct_slates_E_wins_top5": 1.0,
  "pct_slates_F_wins_top5": 1.0,
  "pct_slates_M_wins_top5": 0.0,
  "pct_slates_N_wins_top5": 0.0,
  "pct_slates_A_wins_both": 0.3333333333333333,
  "pct_slates_C_wins_both": 0.6666666666666666,
  "pct_slates_D_wins_both": 0.6666666666666666,
  "pct_slates_E_wins_both": 0.6666666666666666,
  "pct_slates_F_wins_both": 0.9166666666666666,
  "pct_slates_M_wins_both": 0.0,
  "pct_slates_N_wins_both": 0.0,
  "ordering_10_30_A_mean": 0.7174518911423674,
  "ordering_10_30_B_mean": 0.6773921033221629,
  "ordering_10_30_C_mean": 0.7020478722115627,
  "ordering_10_30_D_mean": 0.6930707605335581,
  "ordering_10_30_E_mean": 0.6942155854507046,
  "ordering_10_30_F_mean": 0.6773921033221629,
  "ordering_10_30_M_mean": 0.7281870642584929,
  "ordering_10_30_N_mean": 0.7223173552637837
}