{
  "cal_rows": 2648,
  "conformal_buckets": "starter,p50bins,injury_snapshot",
  "conformal_k": 100,
  "conformal_mode": "two-sided",
  "fold_id": null,
  "inside_cov": 0.23205506391347108,
  "mpiwn": 17.43793674390154,
  "nonmono_clip_rate": 0.0,
  "nonmono_rate_final": 0.0,
  "nonmono_rate_raw": 0.0,
  "per_bucket": {
    "bench|>18|injury_missing": {
      "cond_inside_cov": 0.916083916083916,
      "cond_n": 143,
      "cond_p10_cov": 0.07692307692307693,
      "cond_p90_cov": 0.993006993006993,
      "inside_cov": 0.18019257221458052,
      "n": 727,
      "p10_cov": 0.8184319119669876,
      "p90_cov": 0.9986244841815681
    },
    "starter|>18|injury_missing": {
      "cond_inside_cov": 0.8076923076923077,
      "cond_n": 130,
      "cond_p10_cov": 0.0,
      "cond_p90_cov": 0.8076923076923077,
      "inside_cov": 0.36206896551724144,
      "n": 290,
      "p10_cov": 0.5517241379310345,
      "p90_cov": 0.9137931034482759
    }
  },
  "playable_acceptance": {
    "p10_bounds": {
      "hi": 0.12,
      "lo": 0.08
    },
    "p90_bounds": {
      "hi": 0.94,
      "lo": 0.87
    },
    "passed": false,
    "playable_cond_count": 273,
    "playable_count": 1017,
    "reasons": [
      "p10_cond_playable=0.040293040293040296 outside (0.08, 0.12)"
    ],
    "winkler_baseline": null,
    "winkler_tolerance": 1.0
  },
  "playable_cond_count": 273,
  "playable_count": 1017,
  "playable_minutes_threshold": 10.0,
  "run_id": "v1_full_history_earlycal_k100_inj_20251121",
  "target_col": "minutes",
  "train_rows": 192220,
  "val_excess_p10": 0.2415829252113908,
  "val_excess_p90": 0.074434611602753,
  "val_floor_p10": 0.5007966224778914,
  "val_floor_p90": 0.9000000000000002,
  "val_inside_cond_playable": 0.8644688644688645,
  "val_mae_0_10": 21.178030874610602,
  "val_mae_10_20": 6.5993150933410645,
  "val_mae_20_30": 3.1906930421455013,
  "val_mae_30_plus": 13.157465257481851,
  "val_mae_overall": 17.899728470577234,
  "val_mae_p50": 17.899728470577234,
  "val_mae_p50_raw": 19.553889100269984,
  "val_p10_cond_playable": 0.040293040293040296,
  "val_p10_conditional": 0.040293040293040296,
  "val_p10_coverage": 0.7423795476892822,
  "val_p10_raw_coverage": 0.7522123893805309,
  "val_p90_cond_playable": 0.9047619047619048,
  "val_p90_conditional": 0.9047619047619048,
  "val_p90_coverage": 0.9744346116027532,
  "val_p90_raw_coverage": 0.960668633235005,
  "val_play_prob_brier": 0.3841525661792054,
  "val_play_prob_brier_playable": 0.3841525661792054,
  "val_play_prob_ece": 0.367168492843786,
  "val_play_prob_ece_playable": 0.367168492843786,
  "val_play_prob_mean": 0.5066460823099462,
  "val_play_prob_threshold": 0.5,
  "val_rows": 1017,
  "val_rows_unique": 1017,
  "val_will_play_rate": 0.4119960668633235,
  "val_winkler_cond_playable": 27.445422729908426,
  "winkler_alpha_0_2": 105.69018306716329
}