{
  "alphas": [
    0.1,
    0.25,
    0.5,
    0.75,
    0.9
  ],
  "metrics": {
    "cal": {
      "cond_coverage_q10_q90": 0.7367886178861789,
      "cond_coverage_q25_q75": 0.5274390243902439,
      "coverage_q10_q90": 0.5576923076923077,
      "coverage_q25_q75": 0.3992307692307692,
      "mae_buckets": {
        "mae_0_10": 6.378283413273387,
        "mae_10_20": 1.8718469986548791,
        "mae_20_30": 3.1920202390567676,
        "mae_30_plus": 1.8799777258010137,
        "mae_overall": 3.8068643209280877
      },
      "mae_q50": 3.806864023208618,
      "mean_pi_width_q10_q90": 7.565542221069336
    },
    "train": {
      "cond_coverage_q10_q90": 0.7691926696384349,
      "cond_coverage_q25_q75": 0.5398712233779098,
      "coverage_q10_q90": 0.5674095725246621,
      "coverage_q25_q75": 0.3982462550237486,
      "mae_buckets": {
        "mae_0_10": 6.108950008834654,
        "mae_10_20": 1.6931720401929773,
        "mae_20_30": 2.989895196944948,
        "mae_30_plus": 1.926836206671897,
        "mae_overall": 3.6969224984900855
      },
      "mae_q50": 3.6969223022460938,
      "mean_pi_width_q10_q90": 7.524346828460693
    },
    "val": {
      "cond_coverage_q10_q90": 0.7685714285714286,
      "cond_coverage_q25_q75": 0.54,
      "coverage_q10_q90": 0.5611961057023644,
      "coverage_q25_q75": 0.39429763560500697,
      "mae_buckets": {
        "mae_0_10": 6.254997304931855,
        "mae_10_20": 1.7954801795105215,
        "mae_20_30": 2.9773227652323615,
        "mae_30_plus": 2.091682523576395,
        "mae_overall": 3.8012361317893726
      },
      "mae_q50": 3.801236152648926,
      "mean_pi_width_q10_q90": 7.666682720184326
    }
  },
  "run_id": "nn_v0_baseline",
  "target_col": "minutes"
}