{
  "total_slates": 1,
  "processed_slates": 1,
  "clean_slates": 1,
  "degraded_slates": 0,
  "skipped_slates": 0,
  "slates_with_labels": 1,
  "skip_reasons": {},
  "mae_A_mean": 7.470539944286156,
  "mae_B_mean": 6.6487593769146685,
  "mae_C_mean": 7.0774603751105785,
  "mae_D_mean": 6.900245746579329,
  "mae_E_mean": 6.897281938403557,
  "mae_F_mean": 6.5627066403984164,
  "mae_D_best_mean": 6.7386301703333125,
  "best_D_alpha_mode": 0.0,
  "mae_F_best_mean": 6.5627066403984164,
  "best_F_p_mode": 1.2,
  "mae_A_median": 7.470539944286156,
  "mae_B_median": 6.6487593769146685,
  "mae_C_median": 7.0774603751105785,
  "mae_D_median": 6.900245746579329,
  "mae_E_median": 6.897281938403557,
  "mae_F_median": 6.5627066403984164,
  "rmse_A_mean": 9.936132641660894,
  "rmse_B_mean": 9.62725900459454,
  "rmse_C_mean": 10.647060625860517,
  "rmse_D_mean": 10.234256830359909,
  "rmse_E_mean": 10.269686099822506,
  "rmse_F_mean": 9.506917389927995,
  "mae_by_bucket_A": {
    "0-10": 7.090830034860552,
    "10-20": 7.7177723752715846,
    "20-30": 8.538427359569814,
    "30+": 7.180150836300756
  },
  "mae_by_bucket_B": {
    "0-10": 6.073997213277931,
    "10-20": 7.7653312543133195,
    "20-30": 7.679486502913935,
    "30+": 6.210048433186295
  },
  "mae_by_bucket_C": {
    "0-10": 6.083769304531742,
    "10-20": 9.507286236116206,
    "20-30": 9.259982463285725,
    "30+": 5.524981410504075
  },
  "mae_by_bucket_D": {
    "0-10": 5.799656462227531,
    "10-20": 9.37827064057882,
    "20-30": 9.414643777028301,
    "30+": 5.25164005806188
  },
  "mae_by_bucket_E": {
    "0-10": 5.843040007834384,
    "10-20": 9.263039314184295,
    "20-30": 9.267971738853577,
    "30+": 5.36216036106856
  },
  "mae_by_bucket_F": {
    "0-10": 5.748872313814513,
    "10-20": 8.162300943822803,
    "20-30": 8.495706259370715,
    "30+": 5.453329709526298
  },
  "top5_sum_A_mean": 141.77965182048544,
  "top5_sum_B_mean": 144.25741255742338,
  "top5_sum_C_mean": 159.10314079305243,
  "top5_sum_D_mean": 159.5519185276571,
  "top5_sum_E_mean": 159.1315998574603,
  "top5_sum_F_mean": 150.87287135508512,
  "top5_sum_A_p90": 141.77965182048544,
  "top5_sum_B_p90": 144.25741255742338,
  "top5_sum_C_p90": 159.10314079305243,
  "top5_sum_D_p90": 159.5519185276571,
  "top5_sum_E_p90": 159.1315998574603,
  "top5_sum_F_p90": 150.87287135508512,
  "max_minutes_A_mean": 33.34013704519133,
  "max_minutes_B_mean": 32.16629532309164,
  "max_minutes_C_mean": 37.40273239163722,
  "max_minutes_D_mean": 37.5545014508636,
  "max_minutes_E_mean": 37.42961705045521,
  "max_minutes_F_mean": 34.34489927519225,
  "max_minutes_A_p90": 33.34013704519133,
  "max_minutes_B_p90": 32.16629532309164,
  "max_minutes_C_p90": 37.40273239163722,
  "max_minutes_D_p90": 37.5545014508636,
  "max_minutes_E_p90": 37.42961705045521,
  "max_minutes_F_p90": 34.34489927519225,
  "gini_A_mean": 0.42910451970662844,
  "gini_B_mean": 0.1752387583532127,
  "gini_C_mean": 0.2708428906445827,
  "gini_D_mean": 0.2688983127296919,
  "gini_E_mean": 0.26492600942232275,
  "gini_F_mean": 0.2081006674808453,
  "roster_size_A_mean": 17.65,
  "roster_size_B_mean": 11.0,
  "roster_size_C_mean": 11.0,
  "roster_size_D_mean": 11.0,
  "roster_size_E_mean": 11.0,
  "roster_size_F_mean": 11.0,
  "bench_crush_A_mean": 9.247402963784726,
  "bench_crush_B_mean": 14.624088863710199,
  "bench_crush_C_mean": 10.184671262097435,
  "bench_crush_D_mean": 10.332894621981076,
  "bench_crush_E_mean": 10.333577715786362,
  "bench_crush_F_mean": 13.341570907896593,
  "bench_crush_A_p90": 9.247402963784726,
  "bench_crush_B_p90": 14.624088863710199,
  "bench_crush_C_p90": 10.184671262097435,
  "bench_crush_D_p90": 10.332894621981076,
  "bench_crush_E_p90": 10.333577715786362,
  "bench_crush_F_p90": 13.341570907896593,
  "pct_teams_top5_lt_150_A": 1.0,
  "pct_teams_top5_lt_150_B": 1.0,
  "pct_teams_top5_lt_150_C": 0.0,
  "pct_teams_top5_lt_150_D": 0.0,
  "pct_teams_top5_lt_150_E": 0.0,
  "pct_teams_top5_lt_150_F": 0.0,
  "pct_teams_max_lt_30_A": 0.0,
  "pct_teams_max_lt_30_B": 0.0,
  "pct_teams_max_lt_30_C": 0.0,
  "pct_teams_max_lt_30_D": 0.0,
  "pct_teams_max_lt_30_E": 0.0,
  "pct_teams_max_lt_30_F": 0.0,
  "pct_teams_roster_ge_14_A": 1.0,
  "pct_teams_roster_ge_14_B": 0.0,
  "pct_teams_roster_ge_14_C": 0.0,
  "pct_teams_roster_ge_14_D": 0.0,
  "pct_teams_roster_ge_14_E": 0.0,
  "pct_teams_roster_ge_14_F": 0.0,
  "mae_delta_AB_mean": 0.821780567371488,
  "mae_delta_AB_std": 0.0,
  "mae_delta_CB_mean": 0.42870099819591,
  "mae_delta_CB_std": 0.0,
  "mae_delta_DB_mean": 0.25148636966466054,
  "mae_delta_DB_std": 0.0,
  "mae_delta_EB_mean": 0.24852256148888863,
  "mae_delta_EB_std": 0.0,
  "mae_delta_FB_mean": -0.086052736516252,
  "mae_delta_FB_std": 0.0,
  "pct_slates_A_wins_mae": 0.0,
  "pct_slates_C_wins_mae": 0.0,
  "pct_slates_D_wins_mae": 0.0,
  "pct_slates_E_wins_mae": 0.0,
  "pct_slates_F_wins_mae": 1.0,
  "pct_slates_A_wins_top5": 0.0,
  "pct_slates_C_wins_top5": 1.0,
  "pct_slates_D_wins_top5": 1.0,
  "pct_slates_E_wins_top5": 1.0,
  "pct_slates_F_wins_top5": 1.0,
  "pct_slates_A_wins_both": 0.0,
  "pct_slates_C_wins_both": 0.0,
  "pct_slates_D_wins_both": 0.0,
  "pct_slates_E_wins_both": 0.0,
  "pct_slates_F_wins_both": 1.0
}