{
  "cal_rows": 65923,
  "conformal_buckets": "starter,p50bins",
  "conformal_k": 200,
  "conformal_mode": "two-sided",
  "fold_id": null,
  "inside_cov": 0.4441317196735154,
  "mpiwn": 16.578574352219068,
  "nonmono_clip_rate": 0.0,
  "nonmono_rate_final": 0.0,
  "nonmono_rate_raw": 0.0,
  "per_bucket": {
    "bench|8-18": {
      "cond_inside_cov": 0.7022900763358779,
      "cond_n": 262,
      "cond_p10_cov": 0.20229007633587787,
      "cond_p90_cov": 0.9045801526717557,
      "inside_cov": 0.575,
      "n": 320,
      "p10_cov": 0.346875,
      "p90_cov": 0.921875
    },
    "bench|<8": {
      "cond_inside_cov": 0.6354166666666666,
      "cond_n": 192,
      "cond_p10_cov": 0.09375,
      "cond_p90_cov": 0.7291666666666666,
      "inside_cov": 0.26236559139784943,
      "n": 465,
      "p10_cov": 0.6258064516129033,
      "p90_cov": 0.8881720430107527
    },
    "bench|>18": {
      "cond_inside_cov": 0.818577648766328,
      "cond_n": 689,
      "cond_p10_cov": 0.14368650217706821,
      "cond_p90_cov": 0.9622641509433962,
      "inside_cov": 0.34857849196538937,
      "n": 1618,
      "p10_cov": 0.6353522867737948,
      "p90_cov": 0.9839307787391842
    },
    "starter|8-18": {
      "cond_inside_cov": 0.2,
      "cond_n": 25,
      "cond_p10_cov": 0.0,
      "cond_p90_cov": 0.2,
      "inside_cov": 0.2,
      "n": 25,
      "p10_cov": 0.0,
      "p90_cov": 0.2
    },
    "starter|<8": {
      "cond_inside_cov": 0.0,
      "cond_n": 5,
      "cond_p10_cov": 0.0,
      "cond_p90_cov": 0.0,
      "inside_cov": 0.0,
      "n": 5,
      "p10_cov": 0.0,
      "p90_cov": 0.0
    },
    "starter|>18": {
      "cond_inside_cov": 0.7890011223344557,
      "cond_n": 891,
      "cond_p10_cov": 0.08417508417508418,
      "cond_p90_cov": 0.8731762065095399,
      "inside_cov": 0.6276785714285715,
      "n": 1120,
      "p10_cov": 0.2714285714285714,
      "p90_cov": 0.8991071428571429
    }
  },
  "playable_acceptance": {
    "p10_bounds": {
      "hi": 0.12,
      "lo": 0.08
    },
    "p90_bounds": {
      "hi": 0.94,
      "lo": 0.87
    },
    "passed": true,
    "playable_cond_count": 1827,
    "playable_count": 3010,
    "reasons": [],
    "winkler_baseline": null,
    "winkler_tolerance": 1.0
  },
  "playable_cond_count": 1827,
  "playable_count": 3010,
  "playable_minutes_threshold": 10.0,
  "run_id": "v1_rebuilt_prodconfig_20251121",
  "target_col": "minutes",
  "train_rows": 132926,
  "val_excess_p10": 0.2337643807888659,
  "val_excess_p90": 0.030141457786926895,
  "val_floor_p10": 0.2542738967230958,
  "val_floor_p90": 0.9020285393985502,
  "val_inside_cond_playable": 0.782703886152162,
  "val_mae_0_10": 17.732895095263974,
  "val_mae_10_20": 6.127104691742998,
  "val_mae_20_30": 4.143568330352506,
  "val_mae_30_plus": 6.861814992336221,
  "val_mae_overall": 11.895387976746091,
  "val_mae_p50": 11.895387976746091,
  "val_mae_p50_raw": 11.896252176676407,
  "val_p10_cond_playable": 0.11932129173508484,
  "val_p10_conditional": 0.1187015503875969,
  "val_p10_coverage": 0.4880382775119617,
  "val_p10_raw_coverage": 0.49676329862088375,
  "val_p90_cond_playable": 0.9020251778872469,
  "val_p90_conditional": 0.8832364341085271,
  "val_p90_coverage": 0.9321699971854771,
  "val_p90_raw_coverage": 0.9296369265409513,
  "val_play_prob_brier": 0.31524147280159787,
  "val_play_prob_brier_playable": 0.32030510098618464,
  "val_play_prob_ece": 0.07536076395393204,
  "val_play_prob_ece_playable": 0.050620644760599416,
  "val_play_prob_mean": 0.7935627049460205,
  "val_play_prob_threshold": 0.5,
  "val_rows": 3665,
  "val_rows_unique": 3553,
  "val_will_play_rate": 0.8958626512806079,
  "val_winkler_cond_playable": 25.62560541822454,
  "winkler_alpha_0_2": 64.16239405927575
}