{
  "cal_rows": 9482,
  "conformal_buckets": "starter,p50bins",
  "conformal_k": 200,
  "conformal_mode": "two-sided",
  "fold_id": null,
  "inside_cov": 0.6295459215122252,
  "mpiwn": 17.61740533654746,
  "nonmono_clip_rate": 0.0,
  "nonmono_rate_final": 0.0,
  "nonmono_rate_raw": 0.0,
  "per_bucket": {
    "bench|8-18": {
      "cond_inside_cov": 0.7342465753424658,
      "cond_n": 730,
      "cond_p10_cov": 0.23013698630136986,
      "cond_p90_cov": 0.9643835616438357,
      "inside_cov": 0.5671957671957673,
      "n": 945,
      "p10_cov": 0.4052910052910053,
      "p90_cov": 0.9724867724867725
    },
    "bench|<8": {
      "cond_inside_cov": 0.9385113268608414,
      "cond_n": 309,
      "cond_p10_cov": 0.006472491909385114,
      "cond_p90_cov": 0.9449838187702265,
      "inside_cov": 0.35236938031591736,
      "n": 823,
      "p10_cov": 0.6269744835965978,
      "p90_cov": 0.9793438639125152
    },
    "bench|>18": {
      "cond_inside_cov": 0.7951699463327371,
      "cond_n": 1118,
      "cond_p10_cov": 0.2039355992844365,
      "cond_p90_cov": 0.9991055456171736,
      "inside_cov": 0.6541574687270051,
      "n": 1359,
      "p10_cov": 0.3451066961000736,
      "p90_cov": 0.9992641648270787
    },
    "starter|8-18": {
      "cond_inside_cov": 0.2191780821917808,
      "cond_n": 73,
      "cond_p10_cov": 0.0,
      "cond_p90_cov": 0.2191780821917808,
      "inside_cov": 0.2191780821917808,
      "n": 73,
      "p10_cov": 0.0,
      "p90_cov": 0.2191780821917808
    },
    "starter|<8": {
      "cond_inside_cov": 0.06666666666666667,
      "cond_n": 15,
      "cond_p10_cov": 0.0,
      "cond_p90_cov": 0.06666666666666667,
      "inside_cov": 0.06666666666666667,
      "n": 15,
      "p10_cov": 0.0,
      "p90_cov": 0.06666666666666667
    },
    "starter|>18": {
      "cond_inside_cov": 0.8062953995157386,
      "cond_n": 1652,
      "cond_p10_cov": 0.04297820823244552,
      "cond_p90_cov": 0.8492736077481841,
      "inside_cov": 0.8062953995157386,
      "n": 1652,
      "p10_cov": 0.04297820823244552,
      "p90_cov": 0.8492736077481841
    }
  },
  "playable_acceptance": {
    "p10_bounds": {
      "hi": 0.12,
      "lo": 0.08
    },
    "p90_bounds": {
      "hi": 0.94,
      "lo": 0.87
    },
    "passed": false,
    "playable_cond_count": 3445,
    "playable_count": 3780,
    "reasons": [
      "p10_cond_playable=0.1262699564586357 outside (0.08, 0.12)"
    ],
    "winkler_baseline": null,
    "winkler_tolerance": 1.0
  },
  "playable_cond_count": 3445,
  "playable_count": 3780,
  "playable_minutes_threshold": 10.0,
  "run_id": "minutes_full_history_20251117",
  "target_col": "minutes",
  "train_rows": 99151,
  "val_excess_p10": 0.040662601623292605,
  "val_excess_p90": 0.024753612823798954,
  "val_floor_p10": 0.25500207887804294,
  "val_floor_p90": 0.9004569891897618,
  "val_inside_cond_playable": 0.7805515239477504,
  "val_mae_0_10": 10.00286223608071,
  "val_mae_10_20": 5.402758878526833,
  "val_mae_20_30": 4.297747324521243,
  "val_mae_30_plus": 5.5854083078915915,
  "val_mae_overall": 6.738383514791964,
  "val_mae_p50": 6.738383514791964,
  "val_mae_p50_raw": 6.738383514791964,
  "val_p10_cond_playable": 0.1262699564586357,
  "val_p10_conditional": 0.12034898639979472,
  "val_p10_coverage": 0.29566468050133554,
  "val_p10_raw_coverage": 0.289911649886994,
  "val_p90_cond_playable": 0.9068214804063861,
  "val_p90_conditional": 0.9065948165255324,
  "val_p90_coverage": 0.9252106020135608,
  "val_p90_raw_coverage": 0.9391822477912471,
  "val_play_prob_brier": 0.11223499501674614,
  "val_play_prob_brier_playable": 0.0723868491451736,
  "val_play_prob_ece": 0.055294586641298535,
  "val_play_prob_ece_playable": 0.037451042117906896,
  "val_play_prob_mean": 0.7714024941258275,
  "val_play_prob_threshold": 0.5,
  "val_rows": 4867,
  "val_rows_unique": 4867,
  "val_will_play_rate": 0.8773371686870762,
  "val_winkler_cond_playable": 23.58435339570547,
  "winkler_alpha_0_2": 28.182900162904474
}