{
  "alphas": [
    0.1,
    0.25,
    0.5,
    0.75,
    0.9
  ],
  "metrics": {
    "cal": {
      "cond_coverage_q10_q90": 0.9292140385565991,
      "cond_coverage_q25_q75": 0.7806228373702422,
      "coverage_q10_q90": 0.6259771121255706,
      "coverage_q25_q75": 0.5015321118128947,
      "mae_buckets": {
        "mae_0_10": 5.393446364705866,
        "mae_10_20": 1.0062740709208235,
        "mae_20_30": 2.20612226061403,
        "mae_30_plus": 1.1351875518163046,
        "mae_overall": 3.3191866812811135
      },
      "mae_q50": 3.3191866874694824,
      "mean_pi_width_q10_q90": 7.652684688568115
    },
    "train": {
      "cond_coverage_q10_q90": 0.908837503432323,
      "cond_coverage_q25_q75": 0.7270450403974006,
      "coverage_q10_q90": 0.6494766430782356,
      "coverage_q25_q75": 0.491315665707817,
      "mae_buckets": {
        "mae_0_10": 5.542020376257994,
        "mae_10_20": 1.436521717358097,
        "mae_20_30": 2.732374911898084,
        "mae_30_plus": 1.6340568626770196,
        "mae_overall": 3.571794922759637
      },
      "mae_q50": 3.5717947483062744,
      "mean_pi_width_q10_q90": 8.82100772857666
    },
    "val": {
      "cond_coverage_q10_q90": 0.6478805394990366,
      "cond_coverage_q25_q75": 0.4113680154142582,
      "coverage_q10_q90": 0.5538194444444444,
      "coverage_q25_q75": 0.33641975308641975,
      "mae_buckets": {
        "mae_0_10": 9.291095419127773,
        "mae_10_20": 5.927108906431653,
        "mae_20_30": 5.195597730260907,
        "mae_30_plus": 3.996911708241375,
        "mae_overall": 6.493516019991395
      },
      "mae_q50": 6.493515968322754,
      "mean_pi_width_q10_q90": 10.82064437866211
    }
  },
  "run_id": "nn_full_v1_vol",
  "target_col": "minutes"
}