{
  "cal_rows": 15991,
  "conformal_buckets": "starter,p50bins",
  "conformal_k": 200,
  "conformal_mode": "two-sided",
  "fold_id": null,
  "inside_cov": 0.5513117283950617,
  "mpiwn": 11.431420173654416,
  "nonmono_clip_rate": 0.0,
  "nonmono_rate_final": 0.0,
  "nonmono_rate_raw": 0.0,
  "per_bucket": {
    "bench|8-18": {
      "cond_inside_cov": 0.74218089602705,
      "cond_n": 1183,
      "cond_p10_cov": 0.158072696534235,
      "cond_p90_cov": 0.9002535925612849,
      "inside_cov": 0.573481384715872,
      "n": 1531,
      "p10_cov": 0.34944480731548005,
      "p90_cov": 0.9229261920313521
    },
    "bench|<8": {
      "cond_inside_cov": 0.6039823008849557,
      "cond_n": 452,
      "cond_p10_cov": 0.11283185840707964,
      "cond_p90_cov": 0.7168141592920354,
      "inside_cov": 0.2428825622775801,
      "n": 1124,
      "p10_cov": 0.6432384341637011,
      "p90_cov": 0.8861209964412812
    },
    "bench|>18": {
      "cond_inside_cov": 0.6545454545454545,
      "cond_n": 660,
      "cond_p10_cov": 0.20909090909090908,
      "cond_p90_cov": 0.8636363636363636,
      "inside_cov": 0.6428571428571429,
      "n": 672,
      "p10_cov": 0.22321428571428573,
      "p90_cov": 0.8660714285714286
    },
    "starter|8-18": {
      "cond_inside_cov": 0.0,
      "cond_n": 12,
      "cond_p10_cov": 0.0,
      "cond_p90_cov": 0.0,
      "inside_cov": 0.0,
      "n": 12,
      "p10_cov": 0.0,
      "p90_cov": 0.0
    },
    "starter|>18": {
      "cond_inside_cov": 0.6910569105691057,
      "cond_n": 1845,
      "cond_p10_cov": 0.16205962059620596,
      "cond_p90_cov": 0.8531165311653116,
      "inside_cov": 0.6910569105691057,
      "n": 1845,
      "p10_cov": 0.16205962059620596,
      "p90_cov": 0.8531165311653116
    }
  },
  "playable_acceptance": {
    "p10_bounds": {
      "hi": 0.12,
      "lo": 0.08
    },
    "p90_bounds": {
      "hi": 0.94,
      "lo": 0.87
    },
    "passed": false,
    "playable_cond_count": 3580,
    "playable_count": 3886,
    "reasons": [
      "p10_cond_playable=0.16899441340782123 outside (0.08, 0.12)",
      "p90_cond_playable=0.8664804469273742 outside (0.87, 0.94)"
    ],
    "winkler_baseline": null,
    "winkler_tolerance": 1.0
  },
  "playable_cond_count": 3580,
  "playable_count": 3886,
  "playable_minutes_threshold": 10.0,
  "run_id": "lgbm_full_v1_vol",
  "target_col": "minutes",
  "train_rows": 182858,
  "val_excess_p10": 0.08015927854657626,
  "val_excess_p90": -0.022523593348778848,
  "val_floor_p10": 0.24912312886083113,
  "val_floor_p90": 0.903117729151248,
  "val_inside_cond_playable": 0.697486033519553,
  "val_mae_0_10": 7.0361462807618205,
  "val_mae_10_20": 3.8123035309408073,
  "val_mae_20_30": 4.5121211036169635,
  "val_mae_30_plus": 3.3052893530277534,
  "val_mae_overall": 4.991297965720114,
  "val_mae_p50": 4.991297965720114,
  "val_mae_p50_raw": 4.991297965720114,
  "val_p10_cond_playable": 0.16899441340782123,
  "val_p10_conditional": 0.16257225433526012,
  "val_p10_coverage": 0.3292824074074074,
  "val_p10_raw_coverage": 0.3283179012345679,
  "val_p90_cond_playable": 0.8664804469273742,
  "val_p90_conditional": 0.8509152215799615,
  "val_p90_coverage": 0.8805941358024691,
  "val_p90_raw_coverage": 0.8919753086419753,
  "val_play_prob_brier": 0.11484421938212691,
  "val_play_prob_brier_playable": 0.0633718437394709,
  "val_play_prob_ece": 0.02718006043792283,
  "val_play_prob_ece_playable": 0.0034739475228365135,
  "val_play_prob_mean": 0.819433969904601,
  "val_play_prob_threshold": 0.5,
  "val_rows": 5184,
  "val_rows_unique": 5184,
  "val_will_play_rate": 0.8468364197530864,
  "val_winkler_cond_playable": 20.360346626242823,
  "winkler_alpha_0_2": 24.279044397171532
}