{
  "train": {
    "rows": 182858,
    "mae_q50": 3.455525064180463,
    "coverage_q10_q90": 0.5903706701374837,
    "cond_coverage_q10_q90": 0.8981286559439512,
    "bucket_mae": {
      "mae_0_10": 5.4270259328898165,
      "mae_10_20": 1.407366933452314,
      "mae_20_30": 2.45126333663316,
      "mae_30_plus": 1.610035892854468,
      "mae_overall": 3.455525064180463
    }
  },
  "cal": {
    "rows": 15991,
    "mae_q50": 3.0721948332536284,
    "coverage_q10_q90": 0.5787630542179977,
    "cond_coverage_q10_q90": 0.9146811665842808,
    "bucket_mae": {
      "mae_0_10": 4.969561378284023,
      "mae_10_20": 0.9996995750186946,
      "mae_20_30": 1.9484115506169035,
      "mae_30_plus": 1.160722181363151,
      "mae_overall": 3.0721948332536284
    }
  },
  "val": {
    "rows": 5184,
    "mae_q50": 4.991297965720114,
    "coverage_q10_q90": 0.5513117283950617,
    "cond_coverage_q10_q90": 0.6883429672447013,
    "bucket_mae": {
      "mae_0_10": 7.0361462807618205,
      "mae_10_20": 3.8123035309408073,
      "mae_20_30": 4.5121211036169635,
      "mae_30_plus": 3.3052893530277534,
      "mae_overall": 4.991297965720114
    }
  }
}