{
  "total_slates": 36,
  "processed_slates": 15,
  "clean_slates": 15,
  "degraded_slates": 0,
  "skipped_slates": 21,
  "slates_with_labels": 8,
  "skip_reasons": {
    "too_many_missing_features (9/58)": 21
  },
  "mae_A_mean": 5.106519547699448,
  "mae_B_mean": 4.950452248583192,
  "mae_C_mean": 4.720337629925403,
  "mae_D_mean": 4.688651808953243,
  "mae_E_mean": 4.705348371370089,
  "mae_F_mean": 4.861268070957516,
  "mae_D_best_mean": 4.6056820536729175,
  "best_D_alpha_mode": 0.7,
  "mae_F_best_mean": 4.849955773688396,
  "best_F_p_mode": 1.2,
  "mae_A_median": 4.6446810004906816,
  "mae_B_median": 4.586539239408068,
  "mae_C_median": 4.398704089087397,
  "mae_D_median": 4.350232294114512,
  "mae_E_median": 4.380522083412421,
  "mae_F_median": 4.52018037834673,
  "rmse_A_mean": 7.149516780283256,
  "rmse_B_mean": 7.515201461940879,
  "rmse_C_mean": 7.336630090399789,
  "rmse_D_mean": 7.17281194793586,
  "rmse_E_mean": 7.213213221544026,
  "rmse_F_mean": 7.379486809946714,
  "mae_by_bucket_A": {
    "0-10": 3.73337516314018,
    "10-20": 6.205144027824202,
    "20-30": 7.09887683025546,
    "30+": 5.853972320551944
  },
  "mae_by_bucket_B": {
    "0-10": 4.050524351036326,
    "10-20": 4.559223631965633,
    "20-30": 6.246824647121278,
    "30+": 6.145980479833655
  },
  "mae_by_bucket_C": {
    "0-10": 2.922997383214276,
    "10-20": 6.7749380412364655,
    "20-30": 7.414078798728423,
    "30+": 5.022711602202276
  },
  "mae_by_bucket_D": {
    "0-10": 2.9702221259573376,
    "10-20": 6.530187867418739,
    "20-30": 7.642113762300568,
    "30+": 4.718441441418644
  },
  "mae_by_bucket_E": {
    "0-10": 3.09184469782656,
    "10-20": 6.402593051693161,
    "20-30": 7.486458655930974,
    "30+": 4.7734412865454665
  },
  "mae_by_bucket_F": {
    "0-10": 3.7431767098518067,
    "10-20": 5.054896497725645,
    "20-30": 7.163043609767595,
    "30+": 5.2036640971734425
  },
  "top5_sum_A_mean": 150.848689484701,
  "top5_sum_B_mean": 146.58796769772144,
  "top5_sum_C_mean": 162.81261029008755,
  "top5_sum_D_mean": 162.7573556887064,
  "top5_sum_E_mean": 161.91687304077757,
  "top5_sum_F_mean": 153.41642057331012,
  "top5_sum_A_p90": 161.48736223189886,
  "top5_sum_B_p90": 149.15268135151234,
  "top5_sum_C_p90": 166.74446356067585,
  "top5_sum_D_p90": 166.170820278585,
  "top5_sum_E_p90": 164.81252326990437,
  "top5_sum_F_p90": 156.41645722936997,
  "max_minutes_A_mean": 35.68854833284002,
  "max_minutes_B_mean": 31.71265180597155,
  "max_minutes_C_mean": 38.49897060141678,
  "max_minutes_D_mean": 37.772919870712215,
  "max_minutes_E_mean": 37.82428373848127,
  "max_minutes_F_mean": 33.69600676112108,
  "max_minutes_A_p90": 37.552635241944905,
  "max_minutes_B_p90": 32.18116411805757,
  "max_minutes_C_p90": 39.449018674026384,
  "max_minutes_D_p90": 38.54971131731263,
  "max_minutes_E_p90": 38.6786830852887,
  "max_minutes_F_p90": 34.30719760623609,
  "gini_A_mean": 0.4081524988724257,
  "gini_B_mean": 0.1777218286669922,
  "gini_C_mean": 0.28353459724554847,
  "gini_D_mean": 0.27644193571414777,
  "gini_E_mean": 0.27156856081089065,
  "gini_F_mean": 0.21028806536562816,
  "roster_size_A_mean": 15.627222222222224,
  "roster_size_B_mean": 10.943333333333333,
  "roster_size_C_mean": 10.943333333333333,
  "roster_size_D_mean": 10.943333333333333,
  "roster_size_E_mean": 10.943333333333333,
  "roster_size_F_mean": 10.943333333333333,
  "bench_crush_A_mean": 9.179077100461216,
  "bench_crush_B_mean": 14.577264133847278,
  "bench_crush_C_mean": 9.688982848770685,
  "bench_crush_D_mean": 10.084295781350239,
  "bench_crush_E_mean": 10.239588524515463,
  "bench_crush_F_mean": 13.275763171841492,
  "bench_crush_A_p90": 10.169511459383264,
  "bench_crush_B_p90": 14.861046272328428,
  "bench_crush_C_p90": 10.733620969853268,
  "bench_crush_D_p90": 11.079794389061801,
  "bench_crush_E_p90": 11.08726039425929,
  "bench_crush_F_p90": 13.566896821151063,
  "pct_teams_top5_lt_150_A": 0.6666666666666666,
  "pct_teams_top5_lt_150_B": 0.9333333333333333,
  "pct_teams_top5_lt_150_C": 0.0,
  "pct_teams_top5_lt_150_D": 0.0,
  "pct_teams_top5_lt_150_E": 0.0,
  "pct_teams_top5_lt_150_F": 0.06666666666666667,
  "pct_teams_max_lt_30_A": 0.0,
  "pct_teams_max_lt_30_B": 0.0,
  "pct_teams_max_lt_30_C": 0.0,
  "pct_teams_max_lt_30_D": 0.0,
  "pct_teams_max_lt_30_E": 0.0,
  "pct_teams_max_lt_30_F": 0.0,
  "pct_teams_roster_ge_14_A": 0.6666666666666666,
  "pct_teams_roster_ge_14_B": 0.0,
  "pct_teams_roster_ge_14_C": 0.0,
  "pct_teams_roster_ge_14_D": 0.0,
  "pct_teams_roster_ge_14_E": 0.0,
  "pct_teams_roster_ge_14_F": 0.0,
  "mae_delta_AB_mean": 0.1560672991162556,
  "mae_delta_AB_std": 0.49824017512737234,
  "mae_delta_CB_mean": -0.23011461865778954,
  "mae_delta_CB_std": 0.47109359117409294,
  "mae_delta_DB_mean": -0.2618004396299489,
  "mae_delta_DB_std": 0.3525417318552198,
  "mae_delta_EB_mean": -0.24510387721310284,
  "mae_delta_EB_std": 0.35022512008843887,
  "mae_delta_FB_mean": -0.08918417762567599,
  "mae_delta_FB_std": 0.04890200890935692,
  "pct_slates_A_wins_mae": 0.5,
  "pct_slates_C_wins_mae": 0.75,
  "pct_slates_D_wins_mae": 0.75,
  "pct_slates_E_wins_mae": 0.75,
  "pct_slates_F_wins_mae": 1.0,
  "pct_slates_A_wins_top5": 0.75,
  "pct_slates_C_wins_top5": 1.0,
  "pct_slates_D_wins_top5": 1.0,
  "pct_slates_E_wins_top5": 1.0,
  "pct_slates_F_wins_top5": 1.0,
  "pct_slates_A_wins_both": 0.5,
  "pct_slates_C_wins_both": 0.75,
  "pct_slates_D_wins_both": 0.75,
  "pct_slates_E_wins_both": 0.75,
  "pct_slates_F_wins_both": 1.0
}