{
  "cal_rows": 6629,
  "conformal_buckets": "starter,p50bins,injury_snapshot",
  "conformal_k": 150,
  "conformal_mode": "two-sided",
  "fold_id": null,
  "inside_cov": 0.43681396003377426,
  "mpiwn": 16.00517854513747,
  "nonmono_clip_rate": 0.0,
  "nonmono_rate_final": 0.0,
  "nonmono_rate_raw": 0.0,
  "per_bucket": {
    "bench|8-18|injury_missing": {
      "cond_inside_cov": 0.68359375,
      "cond_n": 256,
      "cond_p10_cov": 0.203125,
      "cond_p90_cov": 0.88671875,
      "inside_cov": 0.5952380952380952,
      "n": 294,
      "p10_cov": 0.30612244897959184,
      "p90_cov": 0.9013605442176871
    },
    "bench|8-18|injury_present": {
      "cond_inside_cov": 0.6153846153846154,
      "cond_n": 13,
      "cond_p10_cov": 0.07692307692307693,
      "cond_p90_cov": 0.6923076923076923,
      "inside_cov": 0.4444444444444445,
      "n": 18,
      "p10_cov": 0.3333333333333333,
      "p90_cov": 0.7777777777777778
    },
    "bench|<8|injury_missing": {
      "cond_inside_cov": 0.6984126984126984,
      "cond_n": 189,
      "cond_p10_cov": 0.06349206349206349,
      "cond_p90_cov": 0.7619047619047619,
      "inside_cov": 0.2778947368421053,
      "n": 475,
      "p10_cov": 0.6273684210526316,
      "p90_cov": 0.9052631578947369
    },
    "bench|<8|injury_present": {
      "cond_inside_cov": 0.0,
      "cond_n": 2,
      "cond_p10_cov": 0.0,
      "cond_p90_cov": 0.0,
      "inside_cov": 0.0,
      "n": 3,
      "p10_cov": 0.3333333333333333,
      "p90_cov": 0.3333333333333333
    },
    "bench|>18|injury_missing": {
      "cond_inside_cov": 0.8024316109422492,
      "cond_n": 658,
      "cond_p10_cov": 0.15653495440729484,
      "cond_p90_cov": 0.958966565349544,
      "inside_cov": 0.33333333333333326,
      "n": 1584,
      "p10_cov": 0.6496212121212122,
      "p90_cov": 0.9829545454545454
    },
    "bench|>18|injury_present": {
      "cond_inside_cov": 0.64,
      "cond_n": 25,
      "cond_p10_cov": 0.36,
      "cond_p90_cov": 1.0,
      "inside_cov": 0.5517241379310345,
      "n": 29,
      "p10_cov": 0.4482758620689655,
      "p90_cov": 1.0
    },
    "starter|8-18|injury_missing": {
      "cond_inside_cov": 0.08,
      "cond_n": 25,
      "cond_p10_cov": 0.0,
      "cond_p90_cov": 0.08,
      "inside_cov": 0.08,
      "n": 25,
      "p10_cov": 0.0,
      "p90_cov": 0.08
    },
    "starter|8-18|injury_present": {
      "cond_inside_cov": 0.0,
      "cond_n": 1,
      "cond_p10_cov": 0.0,
      "cond_p90_cov": 0.0,
      "inside_cov": 0.0,
      "n": 1,
      "p10_cov": 0.0,
      "p90_cov": 0.0
    },
    "starter|<8|injury_missing": {
      "cond_inside_cov": 0.0,
      "cond_n": 5,
      "cond_p10_cov": 0.0,
      "cond_p90_cov": 0.0,
      "inside_cov": 0.0,
      "n": 5,
      "p10_cov": 0.0,
      "p90_cov": 0.0
    },
    "starter|>18|injury_missing": {
      "cond_inside_cov": 0.7825059101654847,
      "cond_n": 846,
      "cond_p10_cov": 0.10047281323877069,
      "cond_p90_cov": 0.8829787234042553,
      "inside_cov": 0.6158139534883722,
      "n": 1075,
      "p10_cov": 0.29209302325581393,
      "p90_cov": 0.9079069767441861
    },
    "starter|>18|injury_present": {
      "cond_inside_cov": 0.6590909090909091,
      "cond_n": 44,
      "cond_p10_cov": 0.13636363636363635,
      "cond_p90_cov": 0.7954545454545454,
      "inside_cov": 0.6590909090909091,
      "n": 44,
      "p10_cov": 0.13636363636363635,
      "p90_cov": 0.7954545454545454
    }
  },
  "playable_acceptance": {
    "p10_bounds": {
      "hi": 0.12,
      "lo": 0.08
    },
    "p90_bounds": {
      "hi": 0.94,
      "lo": 0.87
    },
    "passed": false,
    "playable_cond_count": 1832,
    "playable_count": 3018,
    "reasons": [
      "p10_cond_playable=0.13700873362445415 outside (0.08, 0.12)"
    ],
    "winkler_baseline": null,
    "winkler_tolerance": 1.0
  },
  "playable_cond_count": 1832,
  "playable_count": 3018,
  "playable_minutes_threshold": 10.0,
  "run_id": "v1_full_history_noplayoff_k150_inj_mp6e800_20251121",
  "target_col": "minutes",
  "train_rows": 192220,
  "val_excess_p10": 0.3945116802701942,
  "val_excess_p90": 0.031325640303968116,
  "val_floor_p10": 0.10000000000000002,
  "val_floor_p90": 0.9000000000000004,
  "val_inside_cond_playable": 0.7620087336244541,
  "val_mae_0_10": 17.56321645772195,
  "val_mae_10_20": 6.205354776492985,
  "val_mae_20_30": 4.106485560297721,
  "val_mae_30_plus": 6.8662569372850735,
  "val_mae_overall": 11.811701515172361,
  "val_mae_p50": 11.811701515172361,
  "val_mae_p50_raw": 11.812907731123383,
  "val_p10_cond_playable": 0.13700873362445415,
  "val_p10_conditional": 0.1298449612403101,
  "val_p10_coverage": 0.4945116802701942,
  "val_p10_raw_coverage": 0.49732620320855614,
  "val_p90_cond_playable": 0.8990174672489083,
  "val_p90_conditional": 0.8817829457364341,
  "val_p90_coverage": 0.9313256403039685,
  "val_p90_raw_coverage": 0.9189417393751759,
  "val_play_prob_brier": null,
  "val_play_prob_brier_playable": 0.3929754804506296,
  "val_play_prob_ece": null,
  "val_play_prob_ece_playable": 0.0,
  "val_play_prob_mean": 1.0,
  "val_play_prob_threshold": 0.5,
  "val_rows": 3665,
  "val_rows_unique": 3553,
  "val_will_play_rate": 1.0,
  "val_winkler_cond_playable": 25.566726507864413,
  "winkler_alpha_0_2": 65.70208611699856
}