{
  "cal_rows": 35373,
  "conformal_buckets": "starter,p50bins",
  "conformal_k": 200,
  "conformal_mode": "two-sided",
  "fold_id": null,
  "inside_cov": 0.6535853708650092,
  "mpiwn": 18.01993677554331,
  "nonmono_clip_rate": 0.0,
  "nonmono_rate_final": 0.0,
  "nonmono_rate_raw": 0.0,
  "per_bucket": {
    "bench|8-18": {
      "cond_inside_cov": 0.8052631578947368,
      "cond_n": 760,
      "cond_p10_cov": 0.15526315789473685,
      "cond_p90_cov": 0.9605263157894737,
      "inside_cov": 0.5964912280701754,
      "n": 1026,
      "p10_cov": 0.3742690058479532,
      "p90_cov": 0.9707602339181286
    },
    "bench|<8": {
      "cond_inside_cov": 0.9022556390977443,
      "cond_n": 266,
      "cond_p10_cov": 0.045112781954887216,
      "cond_p90_cov": 0.9473684210526315,
      "inside_cov": 0.33149171270718236,
      "n": 724,
      "p10_cov": 0.649171270718232,
      "p90_cov": 0.9806629834254144
    },
    "bench|>18": {
      "cond_inside_cov": 0.8134394341290894,
      "cond_n": 1131,
      "cond_p10_cov": 0.18213969938107868,
      "cond_p90_cov": 0.995579133510168,
      "inside_cov": 0.6681190994916484,
      "n": 1377,
      "p10_cov": 0.3282498184458969,
      "p90_cov": 0.9963689179375453
    },
    "starter|8-18": {
      "cond_inside_cov": 0.2714285714285714,
      "cond_n": 70,
      "cond_p10_cov": 0.0,
      "cond_p90_cov": 0.2714285714285714,
      "inside_cov": 0.2714285714285714,
      "n": 70,
      "p10_cov": 0.0,
      "p90_cov": 0.2714285714285714
    },
    "starter|<8": {
      "cond_inside_cov": 0.09090909090909091,
      "cond_n": 11,
      "cond_p10_cov": 0.0,
      "cond_p90_cov": 0.09090909090909091,
      "inside_cov": 0.09090909090909091,
      "n": 11,
      "p10_cov": 0.0,
      "p90_cov": 0.09090909090909091
    },
    "starter|>18": {
      "cond_inside_cov": 0.837251356238698,
      "cond_n": 1659,
      "cond_p10_cov": 0.04219409282700422,
      "cond_p90_cov": 0.8794454490657022,
      "inside_cov": 0.837251356238698,
      "n": 1659,
      "p10_cov": 0.04219409282700422,
      "p90_cov": 0.8794454490657022
    }
  },
  "playable_acceptance": {
    "p10_bounds": {
      "hi": 0.12,
      "lo": 0.08
    },
    "p90_bounds": {
      "hi": 0.94,
      "lo": 0.87
    },
    "passed": true,
    "playable_cond_count": 3476,
    "playable_count": 3846,
    "reasons": [],
    "winkler_baseline": null,
    "winkler_tolerance": 1.0
  },
  "playable_cond_count": 3476,
  "playable_count": 3846,
  "playable_minutes_threshold": 10.0,
  "run_id": "minutes_v1_lgbm_baseline",
  "target_col": "minutes",
  "train_rows": 73260,
  "val_excess_p10": 0.0420507844939437,
  "val_excess_p90": 0.03610816961957297,
  "val_floor_p10": 0.24066957712512346,
  "val_floor_p90": 0.9001975628645035,
  "val_inside_cond_playable": 0.8147295742232451,
  "val_mae_0_10": 10.366770746832987,
  "val_mae_10_20": 5.372157307322357,
  "val_mae_20_30": 4.248790048097216,
  "val_mae_30_plus": 5.540695592976382,
  "val_mae_overall": 6.835930529358481,
  "val_mae_p50": 6.835930529358481,
  "val_mae_p50_raw": 6.835930529358481,
  "val_p10_cond_playable": 0.10644418872266974,
  "val_p10_conditional": 0.1041827046445984,
  "val_p10_coverage": 0.28272036161906716,
  "val_p10_raw_coverage": 0.2938154920895829,
  "val_p90_cond_playable": 0.9211737629459148,
  "val_p90_conditional": 0.9204516294585579,
  "val_p90_coverage": 0.9363057324840764,
  "val_p90_raw_coverage": 0.9379494555167455,
  "val_play_prob_brier": 0.11284183808325846,
  "val_play_prob_brier_playable": 0.07767383748849185,
  "val_play_prob_ece": 0.05057254130198682,
  "val_play_prob_ece_playable": 0.03656987376303249,
  "val_play_prob_mean": 0.809892989363359,
  "val_play_prob_threshold": 0.5,
  "val_rows": 4867,
  "val_rows_unique": 4867,
  "val_will_play_rate": 0.8239161701253339,
  "val_winkler_cond_playable": 22.67982553719942,
  "winkler_alpha_0_2": 27.36716525772857
}