{
  "total_slates": 3,
  "processed_slates": 3,
  "skipped_slates": 0,
  "slates_with_labels": 3,
  "mae_A_mean": 4.068519237064717,
  "mae_B_mean": 4.752690137807178,
  "mae_A_median": 4.442369921616672,
  "mae_B_median": 4.787761986468489,
  "rmse_A_mean": 6.425326900437329,
  "rmse_B_mean": 7.31368367152362,
  "mae_by_bucket_A": {
    "0-10": 1.8792470417918923,
    "10-20": 6.17271506030751,
    "20-30": 7.390948845995155,
    "30+": 4.58002070545644
  },
  "mae_by_bucket_B": {
    "0-10": 3.7363830792933004,
    "10-20": 3.6169108364234486,
    "20-30": 5.6769116241137185,
    "30+": 6.785390120465795
  },
  "top5_sum_A_mean": 158.04568594701718,
  "top5_sum_B_mean": 155.38794663618643,
  "top5_sum_A_p90": 176.04484962871504,
  "top5_sum_B_p90": 166.28117433086905,
  "max_minutes_A_mean": 39.59921425705486,
  "max_minutes_B_mean": 50.125810471069364,
  "max_minutes_A_p90": 39.87943701682168,
  "max_minutes_B_p90": 76.55638965466602,
  "gini_A_mean": 0.2814131734644428,
  "gini_B_mean": 0.1610640160954616,
  "roster_size_A_mean": 10.090909090909092,
  "roster_size_B_mean": 10.090909090909092,
  "bench_crush_A_mean": 10.931177131415032,
  "bench_crush_B_mean": 34.82425141059471,
  "bench_crush_A_p90": 17.309919476609437,
  "bench_crush_B_p90": 62.90284514629903,
  "pct_teams_top5_lt_150_A": 0.3333333333333333,
  "pct_teams_top5_lt_150_B": 0.6666666666666666,
  "pct_teams_max_lt_30_A": 0.0,
  "pct_teams_max_lt_30_B": 0.0,
  "pct_teams_roster_ge_14_A": 0.0,
  "pct_teams_roster_ge_14_B": 0.0,
  "mae_delta_mean": -0.684170900742461,
  "mae_delta_std": 0.33296668843177907,
  "pct_slates_A_wins_mae": 1.0,
  "pct_slates_A_wins_top5": 0.6666666666666666,
  "pct_slates_A_wins_both": 0.6666666666666666
}