{
  "total_slates": 2,
  "processed_slates": 2,
  "clean_slates": 2,
  "degraded_slates": 0,
  "skipped_slates": 0,
  "slates_with_labels": 2,
  "skip_reasons": {},
  "mae_A_mean": 6.308855430715812,
  "mae_B_mean": 6.398068911964442,
  "mae_C_mean": 6.28767271480733,
  "mae_A_median": 6.308855430715812,
  "mae_B_median": 6.398068911964442,
  "mae_C_median": 6.28767271480733,
  "rmse_A_mean": 8.381596853600854,
  "rmse_B_mean": 9.274527598110271,
  "rmse_C_mean": 9.277079490550346,
  "mae_by_bucket_A": {
    "0-10": 6.088218502451948,
    "10-20": 6.178767568383351,
    "20-30": 6.808429653771206,
    "30+": 6.686949132072687
  },
  "mae_by_bucket_B": {
    "0-10": 6.034615841827854,
    "10-20": 6.7636161084901385,
    "20-30": 7.251669446749431,
    "30+": 5.885278076404487
  },
  "mae_by_bucket_C": {
    "0-10": 5.367331682272146,
    "10-20": 7.813821606131741,
    "20-30": 8.22403024735716,
    "30+": 5.40557118343024
  },
  "top5_sum_A_mean": 141.83100270615589,
  "top5_sum_B_mean": 146.41899470923818,
  "top5_sum_C_mean": 157.57283884279923,
  "top5_sum_A_p90": 145.7945136266939,
  "top5_sum_B_p90": 147.72116297804521,
  "top5_sum_C_p90": 159.47639509171842,
  "max_minutes_A_mean": 33.5672366420455,
  "max_minutes_B_mean": 32.186365086425894,
  "max_minutes_C_mean": 37.324341819193435,
  "max_minutes_A_p90": 33.856062697104775,
  "max_minutes_B_p90": 32.46747719108594,
  "max_minutes_C_p90": 37.609143752912445,
  "gini_A_mean": 0.4249582439250775,
  "gini_B_mean": 0.17175436140255185,
  "gini_C_mean": 0.25359442931979237,
  "roster_size_A_mean": 17.267857142857142,
  "roster_size_B_mean": 10.845238095238095,
  "roster_size_C_mean": 10.845238095238095,
  "bench_crush_A_mean": 10.005895866748263,
  "bench_crush_B_mean": 14.817819765530475,
  "bench_crush_C_mean": 10.488021078088535,
  "bench_crush_A_p90": 10.595600290721002,
  "bench_crush_B_p90": 14.907502358245152,
  "bench_crush_C_p90": 11.20173030467281,
  "pct_teams_top5_lt_150_A": 1.0,
  "pct_teams_top5_lt_150_B": 1.0,
  "pct_teams_top5_lt_150_C": 0.0,
  "pct_teams_max_lt_30_A": 0.0,
  "pct_teams_max_lt_30_B": 0.0,
  "pct_teams_max_lt_30_C": 0.0,
  "pct_teams_roster_ge_14_A": 1.0,
  "pct_teams_roster_ge_14_B": 0.0,
  "pct_teams_roster_ge_14_C": 0.0,
  "mae_delta_AB_mean": -0.08921348124863071,
  "mae_delta_AB_std": 0.1516094099220413,
  "mae_delta_CB_mean": -0.11039619715711213,
  "mae_delta_CB_std": 0.22837763963842095,
  "pct_slates_A_wins_mae": 0.5,
  "pct_slates_C_wins_mae": 0.5,
  "pct_slates_A_wins_top5": 0.0,
  "pct_slates_C_wins_top5": 1.0,
  "pct_slates_A_wins_both": 0.0,
  "pct_slates_C_wins_both": 0.5
}