{
  "total_slates": 61,
  "processed_slates": 32,
  "clean_slates": 32,
  "degraded_slates": 0,
  "skipped_slates": 29,
  "slates_with_labels": 12,
  "skip_reasons": {
    "too_many_missing_features (9/58)": 28,
    "features_not_found": 1
  },
  "mae_A_mean": 5.429941537319087,
  "mae_B_mean": 5.2864208631818315,
  "mae_C_mean": 5.122724963987227,
  "mae_D_mean": 5.073643145165058,
  "mae_D_best_mean": 4.983676351399711,
  "best_D_alpha_mode": 0.7,
  "mae_A_median": 4.823502240941478,
  "mae_B_median": 4.960337545201234,
  "mae_C_median": 4.610941275281462,
  "mae_D_median": 4.564348093132736,
  "rmse_A_mean": 7.441664792677176,
  "rmse_B_mean": 7.893303372683087,
  "rmse_C_mean": 7.806529369577878,
  "rmse_D_mean": 7.603985588268756,
  "mae_by_bucket_A": {
    "0-10": 4.393487185227615,
    "10-20": 6.350736680282452,
    "20-30": 6.978915444649027,
    "30+": 5.893075121430313
  },
  "mae_by_bucket_B": {
    "0-10": 4.586125987255852,
    "10-20": 5.322304638192343,
    "20-30": 6.384545352260827,
    "30+": 5.822199422836963
  },
  "mae_by_bucket_C": {
    "0-10": 3.5255278614767196,
    "10-20": 7.2481309998062,
    "20-30": 7.437587001332026,
    "30+": 5.172301981977195
  },
  "mae_by_bucket_D": {
    "0-10": 3.5328235780255777,
    "10-20": 7.0258841394070375,
    "20-30": 7.674950024954033,
    "30+": 4.825654960470025
  },
  "top5_sum_A_mean": 148.65114010228552,
  "top5_sum_B_mean": 146.05712484287852,
  "top5_sum_C_mean": 162.36317097662032,
  "top5_sum_D_mean": 162.02708896342165,
  "top5_sum_A_p90": 158.98408249745341,
  "top5_sum_B_p90": 148.77007368923182,
  "top5_sum_C_p90": 169.46797812505827,
  "top5_sum_D_p90": 168.2859648301387,
  "max_minutes_A_mean": 35.292488933977154,
  "max_minutes_B_mean": 31.7395238941091,
  "max_minutes_C_mean": 38.52738870749283,
  "max_minutes_D_mean": 37.84551329993365,
  "max_minutes_A_p90": 37.69371001515706,
  "max_minutes_B_p90": 32.33759241134361,
  "max_minutes_C_p90": 41.19709681953651,
  "max_minutes_D_p90": 39.82106728167237,
  "gini_A_mean": 0.4305688328856696,
  "gini_B_mean": 0.17660518732680255,
  "gini_C_mean": 0.2841545696904183,
  "gini_D_mean": 0.276628962993712,
  "roster_size_A_mean": 16.54735863095238,
  "roster_size_B_mean": 10.950093005952382,
  "roster_size_C_mean": 10.950093005952382,
  "roster_size_D_mean": 10.950093005952382,
  "bench_crush_A_mean": 9.044107875122346,
  "bench_crush_B_mean": 14.622658215796495,
  "bench_crush_C_mean": 9.550747272672616,
  "bench_crush_D_mean": 9.990658978197683,
  "bench_crush_A_p90": 10.158030219057983,
  "bench_crush_B_p90": 14.9246897103518,
  "bench_crush_C_p90": 10.86345306679244,
  "bench_crush_D_p90": 11.05303120086107,
  "pct_teams_top5_lt_150_A": 0.625,
  "pct_teams_top5_lt_150_B": 0.96875,
  "pct_teams_top5_lt_150_C": 0.0,
  "pct_teams_top5_lt_150_D": 0.0,
  "pct_teams_max_lt_30_A": 0.0,
  "pct_teams_max_lt_30_B": 0.0,
  "pct_teams_max_lt_30_C": 0.0,
  "pct_teams_max_lt_30_D": 0.0,
  "pct_teams_roster_ge_14_A": 0.84375,
  "pct_teams_roster_ge_14_B": 0.0,
  "pct_teams_roster_ge_14_C": 0.0,
  "pct_teams_roster_ge_14_D": 0.0,
  "mae_delta_AB_mean": 0.14352067413725544,
  "mae_delta_AB_std": 0.43227519799115005,
  "mae_delta_CB_mean": -0.16369589919460462,
  "mae_delta_CB_std": 0.46231738061091415,
  "mae_delta_DB_mean": -0.21277771801677314,
  "mae_delta_DB_std": 0.3526656645621716,
  "pct_slates_A_wins_mae": 0.4166666666666667,
  "pct_slates_C_wins_mae": 0.6666666666666666,
  "pct_slates_D_wins_mae": 0.6666666666666666,
  "pct_slates_A_wins_top5": 0.5833333333333334,
  "pct_slates_C_wins_top5": 1.0,
  "pct_slates_D_wins_top5": 1.0,
  "pct_slates_A_wins_both": 0.3333333333333333,
  "pct_slates_C_wins_both": 0.6666666666666666,
  "pct_slates_D_wins_both": 0.6666666666666666
}