{
  "cal_rows": 12231,
  "conformal_buckets": "starter,p50bins",
  "conformal_k": 200,
  "conformal_mode": "two-sided",
  "fold_id": null,
  "inside_cov": 0.04343591741332298,
  "mpiwn": 16.710840876308904,
  "nonmono_clip_rate": 0.0,
  "nonmono_rate_final": 0.0,
  "nonmono_rate_raw": 0.0,
  "per_bucket": {
    "bench|8-18": {
      "cond_inside_cov": 0.75,
      "cond_n": 4,
      "cond_p10_cov": 0.25,
      "cond_p90_cov": 1.0,
      "inside_cov": 0.6,
      "n": 5,
      "p10_cov": 0.4,
      "p90_cov": 1.0
    },
    "bench|<8": {
      "cond_inside_cov": 0.75,
      "cond_n": 4,
      "cond_p10_cov": 0.0,
      "cond_p90_cov": 0.75,
      "inside_cov": 0.42857142857142855,
      "n": 7,
      "p10_cov": 0.42857142857142855,
      "p90_cov": 0.8571428571428571
    },
    "bench|>18": {
      "cond_inside_cov": 0.5572916666666667,
      "cond_n": 192,
      "cond_p10_cov": 0.4427083333333333,
      "cond_p90_cov": 1.0,
      "inside_cov": 0.02921102921102925,
      "n": 3663,
      "p10_cov": 0.9707889707889708,
      "p90_cov": 1.0
    },
    "starter|8-18": {
      "cond_inside_cov": 0.0,
      "cond_n": 1,
      "cond_p10_cov": 0.0,
      "cond_p90_cov": 0.0,
      "inside_cov": 0.0,
      "n": 1,
      "p10_cov": 0.0,
      "p90_cov": 0.0
    },
    "starter|<8": {
      "cond_inside_cov": 0.0,
      "cond_n": 1,
      "cond_p10_cov": 0.0,
      "cond_p90_cov": 0.0,
      "inside_cov": 0.0,
      "n": 1,
      "p10_cov": 0.0,
      "p90_cov": 0.0
    },
    "starter|>18": {
      "cond_inside_cov": 0.7586206896551724,
      "cond_n": 145,
      "cond_p10_cov": 0.020689655172413793,
      "cond_p90_cov": 0.7793103448275862,
      "inside_cov": 0.07549759780370624,
      "n": 1457,
      "p10_cov": 0.9025394646533974,
      "p90_cov": 0.9780370624571036
    }
  },
  "playable_acceptance": {
    "p10_bounds": {
      "hi": 0.12,
      "lo": 0.08
    },
    "p90_bounds": {
      "hi": 0.94,
      "lo": 0.87
    },
    "passed": false,
    "playable_cond_count": 342,
    "playable_count": 5126,
    "reasons": [
      "p10_cond_playable=0.260233918128655 outside (0.08, 0.12)"
    ],
    "winkler_baseline": null,
    "winkler_tolerance": 1.0
  },
  "playable_cond_count": 342,
  "playable_count": 5126,
  "playable_minutes_threshold": 10.0,
  "run_id": "v1_full_history_live_labels_20251121",
  "target_col": "minutes",
  "train_rows": 187775,
  "val_excess_p10": 0.7280599935786051,
  "val_excess_p90": 0.09310087074926754,
  "val_floor_p10": 0.2216867925530661,
  "val_floor_p90": 0.9000818327957266,
  "val_inside_cond_playable": 0.6432748538011697,
  "val_mae_0_10": 23.901336055080343,
  "val_mae_10_20": 9.209876002759911,
  "val_mae_20_30": 2.766889797587728,
  "val_mae_30_plus": 9.632036533658853,
  "val_mae_overall": 22.94545500129068,
  "val_mae_p50": 22.94545500129068,
  "val_mae_p50_raw": 22.94545500129068,
  "val_p10_cond_playable": 0.260233918128655,
  "val_p10_conditional": 0.2564841498559078,
  "val_p10_coverage": 0.9497467861316712,
  "val_p10_raw_coverage": 0.9516945851188158,
  "val_p90_cond_playable": 0.9035087719298246,
  "val_p90_conditional": 0.899135446685879,
  "val_p90_coverage": 0.9931827035449942,
  "val_p90_raw_coverage": 0.9916244643552785,
  "val_play_prob_brier": 0.5842390258566433,
  "val_play_prob_brier_playable": 0.5842705209757625,
  "val_play_prob_ece": 0.7190158685137263,
  "val_play_prob_ece_playable": 0.7192367029606342,
  "val_play_prob_mean": 0.7845668075848796,
  "val_play_prob_threshold": 0.5,
  "val_rows": 5848,
  "val_rows_unique": 5134,
  "val_will_play_rate": 0.9972730814179976,
  "val_winkler_cond_playable": 32.44037715912069,
  "winkler_alpha_0_2": 138.97859190201459
}