{
  "total_slates": 2,
  "processed_slates": 2,
  "clean_slates": 2,
  "degraded_slates": 0,
  "skipped_slates": 0,
  "slates_with_labels": 2,
  "skip_reasons": {},
  "mae_A_mean": 4.376905042616355,
  "mae_B_mean": 4.735154213476523,
  "mae_C_mean": 3.88159389478874,
  "mae_A_median": 4.376905042616355,
  "mae_B_median": 4.735154213476523,
  "mae_C_median": 3.88159389478874,
  "rmse_A_mean": 6.245017242301367,
  "rmse_B_mean": 7.293003814328505,
  "rmse_C_mean": 6.216787205639116,
  "mae_by_bucket_A": {
    "0-10": 2.750874228548029,
    "10-20": 6.17345316927249,
    "20-30": 7.191093081688871,
    "30+": 4.466147707574007
  },
  "mae_by_bucket_B": {
    "0-10": 3.7707226763761303,
    "10-20": 2.9514341372354727,
    "20-30": 5.876319450979796,
    "30+": 6.5989502431093
  },
  "mae_by_bucket_C": {
    "0-10": 1.6632256039516287,
    "10-20": 6.1229407676758445,
    "20-30": 7.6113700751695355,
    "30+": 4.095065345490031
  },
  "top5_sum_A_mean": 163.83440638215114,
  "top5_sum_B_mean": 147.8748016322885,
  "top5_sum_C_mean": 172.47372220255934,
  "top5_sum_A_p90": 167.44046940549595,
  "top5_sum_B_p90": 149.37410038919055,
  "top5_sum_C_p90": 177.2352254374336,
  "max_minutes_A_mean": 37.43651438403061,
  "max_minutes_B_mean": 31.256660711608674,
  "max_minutes_C_mean": 39.40483686695269,
  "max_minutes_A_p90": 37.6641480139949,
  "max_minutes_B_p90": 31.31173879301546,
  "max_minutes_C_p90": 39.43721452144783,
  "gini_A_mean": 0.41639407624110514,
  "gini_B_mean": 0.18180575590029438,
  "gini_C_mean": 0.32531394969290195,
  "roster_size_A_mean": 14.45,
  "roster_size_B_mean": 11.0,
  "roster_size_C_mean": 11.0,
  "bench_crush_A_mean": 6.551100232187182,
  "bench_crush_B_mean": 14.774310866829966,
  "bench_crush_C_mean": 6.724104458085527,
  "bench_crush_A_p90": 8.567299312612944,
  "bench_crush_B_p90": 14.80901876456466,
  "bench_crush_C_p90": 8.679466868217931,
  "pct_teams_top5_lt_150_A": 0.0,
  "pct_teams_top5_lt_150_B": 1.0,
  "pct_teams_top5_lt_150_C": 0.0,
  "pct_teams_max_lt_30_A": 0.0,
  "pct_teams_max_lt_30_B": 0.0,
  "pct_teams_max_lt_30_C": 0.0,
  "pct_teams_roster_ge_14_A": 0.5,
  "pct_teams_roster_ge_14_B": 0.0,
  "pct_teams_roster_ge_14_C": 0.0,
  "mae_delta_AB_mean": -0.3582491708601685,
  "mae_delta_AB_std": 0.1288207321934891,
  "mae_delta_CB_mean": -0.8535603186877831,
  "mae_delta_CB_std": 0.2832347059812288,
  "pct_slates_A_wins_mae": 1.0,
  "pct_slates_C_wins_mae": 1.0,
  "pct_slates_A_wins_top5": 1.0,
  "pct_slates_C_wins_top5": 1.0,
  "pct_slates_A_wins_both": 1.0,
  "pct_slates_C_wins_both": 1.0
}