{
  "total_slates": 14,
  "processed_slates": 14,
  "clean_slates": 14,
  "degraded_slates": 0,
  "skipped_slates": 0,
  "slates_with_labels": 11,
  "skip_reasons": {},
  "mae_A_mean": 4.755449620804245,
  "mae_B_mean": 4.099705389455881,
  "mae_C_mean": 4.733683787870699,
  "mae_D_mean": 4.388217037677726,
  "mae_E_mean": 4.507086745537766,
  "mae_F_mean": 4.2277802074429935,
  "mae_M_mean": NaN,
  "mae_N_mean": NaN,
  "mae_D_best_mean": 4.296502304512499,
  "best_D_alpha_mode": 0.5,
  "mae_F_best_mean": 4.075389548171817,
  "best_F_p_mode": 1.0,
  "mae_N_best_mean": NaN,
  "best_N_bench_pool_mode": null,
  "best_N_core_k_mode": null,
  "mae_A_median": 4.400908739825612,
  "mae_B_median": 3.81083705389305,
  "mae_C_median": 4.403247231851451,
  "mae_D_median": 4.061267702232035,
  "mae_E_median": 4.262706728305977,
  "mae_F_median": 4.046829492728212,
  "mae_M_median": NaN,
  "mae_N_median": NaN,
  "rmse_A_mean": 7.385641287803983,
  "rmse_B_mean": 6.350914545942601,
  "rmse_C_mean": 7.563630601347623,
  "rmse_D_mean": 6.8815274764032495,
  "rmse_E_mean": 7.050381609732654,
  "rmse_F_mean": 6.491568750595788,
  "rmse_M_mean": NaN,
  "rmse_N_mean": NaN,
  "mae_P_mean": 5.491198135299619,
  "mae_P_median": 5.491198135299619,
  "rmse_P_mean": 8.396520651952596,
  "mae_by_bucket_A": {
    "0-10": 2.5690822096103436,
    "10-20": 6.714468571953135,
    "20-30": 7.098665312836095,
    "30+": 6.5081640725428
  },
  "mae_by_bucket_B": {
    "0-10": 2.9055948444929283,
    "10-20": 4.957164446420503,
    "20-30": 6.009166058261962,
    "30+": 4.4381866625322095
  },
  "mae_by_bucket_C": {
    "0-10": 2.399835067192557,
    "10-20": 7.467947225023672,
    "20-30": 7.214588974693004,
    "30+": 6.0915863602993845
  },
  "mae_by_bucket_D": {
    "0-10": 2.2193956841457796,
    "10-20": 6.81010107341853,
    "20-30": 6.677648049938147,
    "30+": 5.690773186179903
  },
  "mae_by_bucket_E": {
    "0-10": 2.2124199343421815,
    "10-20": 7.279216058991232,
    "20-30": 6.900777476482617,
    "30+": 5.780797544234017
  },
  "mae_by_bucket_F": {
    "0-10": 2.599775374759986,
    "10-20": 5.477725955519971,
    "20-30": 7.053451104347803,
    "30+": 4.480133161373764
  },
  "mae_by_bucket_M": {},
  "mae_by_bucket_N": {},
  "mae_by_bucket_P": {
    "0-10": 6.708972997762778,
    "10-20": 4.7372628804181005,
    "20-30": 3.7902656881213423,
    "30+": 4.735754048643237
  },
  "top5_sum_A_mean": 151.45458564743532,
  "top5_sum_B_mean": 154.06078057611467,
  "top5_sum_C_mean": 157.93987524012405,
  "top5_sum_D_mean": 160.3602513874438,
  "top5_sum_E_mean": 161.42856745226305,
  "top5_sum_F_mean": 161.65054331087362,
  "top5_sum_M_mean": NaN,
  "top5_sum_N_mean": NaN,
  "top5_sum_P_mean": 154.7410600188682,
  "top5_sum_A_p90": 163.90736104980581,
  "top5_sum_B_p90": 159.1987410001876,
  "top5_sum_C_p90": 166.19645310101748,
  "top5_sum_D_p90": 167.49544367130375,
  "top5_sum_E_p90": 168.71765129088237,
  "top5_sum_F_p90": 167.5381083488206,
  "top5_sum_M_p90": NaN,
  "top5_sum_N_p90": NaN,
  "top5_sum_P_p90": 155.2081616899048,
  "max_minutes_A_mean": 35.47760948507963,
  "max_minutes_B_mean": 34.232162114483124,
  "max_minutes_C_mean": 36.96432470266209,
  "max_minutes_D_mean": 38.013108274833485,
  "max_minutes_E_mean": 38.138025993810665,
  "max_minutes_F_mean": 36.64952559604149,
  "max_minutes_M_mean": NaN,
  "max_minutes_N_mean": NaN,
  "max_minutes_P_mean": 33.74925426686471,
  "max_minutes_A_p90": 39.734777155519566,
  "max_minutes_B_p90": 35.64825504734237,
  "max_minutes_C_p90": 40.36323421163113,
  "max_minutes_D_p90": 41.0097924830814,
  "max_minutes_E_p90": 41.18245413331039,
  "max_minutes_F_p90": 38.281971733241505,
  "max_minutes_M_p90": NaN,
  "max_minutes_N_p90": NaN,
  "max_minutes_P_p90": 33.875343335938844,
  "gini_A_mean": 0.32716161247689174,
  "gini_B_mean": 0.2113344984618617,
  "gini_C_mean": 0.2396869998511096,
  "gini_D_mean": 0.2716225426477495,
  "gini_E_mean": 0.2778197627779795,
  "gini_F_mean": 0.24801225096715948,
  "gini_M_mean": NaN,
  "gini_N_mean": NaN,
  "gini_P_mean": 0.21827380876699845,
  "roster_size_A_mean": 12.454213048855905,
  "roster_size_B_mean": 10.821014996907852,
  "roster_size_C_mean": 10.44725185528757,
  "roster_size_D_mean": 10.758670892599465,
  "roster_size_E_mean": 10.8170467429396,
  "roster_size_F_mean": 10.821014996907852,
  "roster_size_M_mean": NaN,
  "roster_size_N_mean": NaN,
  "roster_size_P_mean": 16.0,
  "bench_crush_A_mean": 9.99398963018551,
  "bench_crush_B_mean": 13.043677880786456,
  "bench_crush_C_mean": 10.157052768437504,
  "bench_crush_D_mean": 9.94672305387885,
  "bench_crush_E_mean": 8.910301356694042,
  "bench_crush_F_mean": 11.585818962257788,
  "bench_crush_M_mean": NaN,
  "bench_crush_N_mean": NaN,
  "bench_crush_P_mean": 18.93274331310407,
  "bench_crush_A_p90": 13.23239894987968,
  "bench_crush_B_p90": 14.431298230064654,
  "bench_crush_C_p90": 14.683280014465158,
  "bench_crush_D_p90": 13.791858258474745,
  "bench_crush_E_p90": 12.490030451000644,
  "bench_crush_F_p90": 13.135199381996632,
  "bench_crush_M_p90": NaN,
  "bench_crush_N_p90": NaN,
  "bench_crush_P_p90": 19.394047314934646,
  "pct_teams_top5_lt_150_A": 0.21428571428571427,
  "pct_teams_top5_lt_150_B": 0.21428571428571427,
  "pct_teams_top5_lt_150_C": 0.21428571428571427,
  "pct_teams_top5_lt_150_D": 0.21428571428571427,
  "pct_teams_top5_lt_150_E": 0.21428571428571427,
  "pct_teams_top5_lt_150_F": 0.07142857142857142,
  "pct_teams_top5_lt_150_M": NaN,
  "pct_teams_top5_lt_150_N": NaN,
  "pct_teams_max_lt_30_A": 0.21428571428571427,
  "pct_teams_max_lt_30_B": 0.0,
  "pct_teams_max_lt_30_C": 0.0,
  "pct_teams_max_lt_30_D": 0.0,
  "pct_teams_max_lt_30_E": 0.0,
  "pct_teams_max_lt_30_F": 0.0,
  "pct_teams_max_lt_30_M": NaN,
  "pct_teams_max_lt_30_N": NaN,
  "pct_teams_roster_ge_14_A": 0.21428571428571427,
  "pct_teams_roster_ge_14_B": 0.0,
  "pct_teams_roster_ge_14_C": 0.0,
  "pct_teams_roster_ge_14_D": 0.0,
  "pct_teams_roster_ge_14_E": 0.0,
  "pct_teams_roster_ge_14_F": 0.0,
  "pct_teams_roster_ge_14_M": NaN,
  "pct_teams_roster_ge_14_N": NaN,
  "mae_delta_AB_mean": 0.6557442313483632,
  "mae_delta_AB_std": 0.259672868703199,
  "mae_delta_CB_mean": 0.6339783984148177,
  "mae_delta_CB_std": 0.27556693497427814,
  "mae_delta_DB_mean": 0.2885116482218445,
  "mae_delta_DB_std": 0.2514801564545263,
  "mae_delta_EB_mean": 0.407381356081884,
  "mae_delta_EB_std": 0.25414317334925796,
  "mae_delta_FB_mean": 0.1280748179871118,
  "mae_delta_FB_std": 0.14507482999758234,
  "mae_delta_MB_mean": NaN,
  "mae_delta_MB_std": NaN,
  "mae_delta_NB_mean": NaN,
  "mae_delta_NB_std": NaN,
  "pct_slates_A_wins_mae": 0.0,
  "pct_slates_C_wins_mae": 0.0,
  "pct_slates_D_wins_mae": 0.0,
  "pct_slates_E_wins_mae": 0.0,
  "pct_slates_F_wins_mae": 0.18181818181818182,
  "pct_slates_M_wins_mae": NaN,
  "pct_slates_N_wins_mae": NaN,
  "pct_slates_A_wins_top5": 0.7272727272727273,
  "pct_slates_C_wins_top5": 0.9090909090909091,
  "pct_slates_D_wins_top5": 1.0,
  "pct_slates_E_wins_top5": 1.0,
  "pct_slates_F_wins_top5": 1.0,
  "pct_slates_M_wins_top5": NaN,
  "pct_slates_N_wins_top5": NaN,
  "pct_slates_A_wins_both": 0.0,
  "pct_slates_C_wins_both": 0.0,
  "pct_slates_D_wins_both": 0.0,
  "pct_slates_E_wins_both": 0.0,
  "pct_slates_F_wins_both": 0.18181818181818182,
  "pct_slates_M_wins_both": NaN,
  "pct_slates_N_wins_both": NaN,
  "pct_slates_P_wins_mae": NaN,
  "pct_slates_P_wins_top5": NaN,
  "pct_slates_P_wins_both": NaN,
  "mae_delta_AP_mean": NaN,
  "mae_delta_DP_mean": NaN,
  "mae_delta_EP_mean": NaN,
  "mae_delta_FP_mean": NaN,
  "mae_delta_MP_mean": NaN,
  "mae_delta_NP_mean": NaN,
  "ordering_10_30_A_mean": 0.6724120039812681,
  "ordering_10_30_B_mean": 0.7200821058450929,
  "ordering_10_30_C_mean": 0.6747794282236922,
  "ordering_10_30_D_mean": 0.7076387262128604,
  "ordering_10_30_E_mean": 0.6992552535247339,
  "ordering_10_30_F_mean": 0.7200821058450929,
  "ordering_10_30_M_mean": NaN,
  "ordering_10_30_N_mean": NaN,