{
  "cal_rows": 6629,
  "conformal_buckets": "starter,p50bins",
  "conformal_k": 200,
  "conformal_mode": "two-sided",
  "fold_id": null,
  "inside_cov": 0.41654939487756826,
  "mpiwn": 14.260697289403888,
  "nonmono_clip_rate": 0.0,
  "nonmono_rate_final": 0.0,
  "nonmono_rate_raw": 0.0,
  "per_bucket": {
    "bench|8-18": {
      "cond_inside_cov": 0.5473684210526315,
      "cond_n": 190,
      "cond_p10_cov": 0.3,
      "cond_p90_cov": 0.8473684210526315,
      "inside_cov": 0.5,
      "n": 208,
      "p10_cov": 0.3605769230769231,
      "p90_cov": 0.8605769230769231
    },
    "bench|<8": {
      "cond_inside_cov": 0.6590038314176245,
      "cond_n": 261,
      "cond_p10_cov": 0.08812260536398467,
      "cond_p90_cov": 0.7471264367816092,
      "inside_cov": 0.2975778546712803,
      "n": 578,
      "p10_cov": 0.5882352941176471,
      "p90_cov": 0.8858131487889274
    },
    "bench|>18": {
      "cond_inside_cov": 0.7601156069364162,
      "cond_n": 692,
      "cond_p10_cov": 0.18497109826589594,
      "cond_p90_cov": 0.9450867052023122,
      "inside_cov": 0.32529375386518244,
      "n": 1617,
      "p10_cov": 0.6512059369202227,
      "p90_cov": 0.9764996907854051
    },
    "starter|8-18": {
      "cond_inside_cov": 0.04,
      "cond_n": 25,
      "cond_p10_cov": 0.0,
      "cond_p90_cov": 0.04,
      "inside_cov": 0.04,
      "n": 25,
      "p10_cov": 0.0,
      "p90_cov": 0.04
    },
    "starter|<8": {
      "cond_inside_cov": 0.0,
      "cond_n": 12,
      "cond_p10_cov": 0.0,
      "cond_p90_cov": 0.0,
      "inside_cov": 0.0,
      "n": 12,
      "p10_cov": 0.0,
      "p90_cov": 0.0
    },
    "starter|>18": {
      "cond_inside_cov": 0.7658371040723981,
      "cond_n": 884,
      "cond_p10_cov": 0.1165158371040724,
      "cond_p90_cov": 0.8823529411764706,
      "inside_cov": 0.6082659478885895,
      "n": 1113,
      "p10_cov": 0.29829290206648695,
      "p90_cov": 0.9065588499550764
    }
  },
  "playable_acceptance": {
    "p10_bounds": {
      "hi": 0.12,
      "lo": 0.08
    },
    "p90_bounds": {
      "hi": 0.94,
      "lo": 0.87
    },
    "passed": false,
    "playable_cond_count": 1749,
    "playable_count": 2915,
    "reasons": [
      "p10_cond_playable=0.15780445969125215 outside (0.08, 0.12)"
    ],
    "winkler_baseline": null,
    "winkler_tolerance": 1.0
  },
  "playable_cond_count": 1749,
  "playable_count": 2915,
  "playable_minutes_threshold": 10.0,
  "run_id": "v1_recent_history_noplayoff_20251121",
  "target_col": "minutes",
  "train_rows": 128006,
  "val_excess_p10": 0.2735823078616112,
  "val_excess_p90": 0.021761381201369945,
  "val_floor_p10": 0.2330318210435394,
  "val_floor_p90": 0.9014021425813489,
  "val_inside_cond_playable": 0.7358490566037736,
  "val_mae_0_10": 17.05058484763363,
  "val_mae_10_20": 6.614371710939195,
  "val_mae_20_30": 4.434879472683594,
  "val_mae_30_plus": 7.346579030769208,
  "val_mae_overall": 11.738085551984035,
  "val_mae_p50": 11.738085551984035,
  "val_mae_p50_raw": 11.738085551984035,
  "val_p10_cond_playable": 0.15780445969125215,
  "val_p10_conditional": 0.1506782945736434,
  "val_p10_coverage": 0.5066141289051506,
  "val_p10_raw_coverage": 0.5023923444976076,
  "val_p90_cond_playable": 0.8936535162950258,
  "val_p90_conditional": 0.8677325581395349,
  "val_p90_coverage": 0.9231635237827188,
  "val_p90_raw_coverage": 0.9161272164368139,
  "val_play_prob_brier": 0.28034619728390375,
  "val_play_prob_brier_playable": 0.28285888573566703,
  "val_play_prob_ece": 0.22676509370310824,
  "val_play_prob_ece_playable": 0.23384286759114367,
  "val_play_prob_mean": 0.7941831558525416,
  "val_play_prob_threshold": 0.5,
  "val_rows": 3665,
  "val_rows_unique": 3553,
  "val_will_play_rate": 0.9848015761328455,
  "val_winkler_cond_playable": 26.099290526184465,
  "winkler_alpha_0_2": 68.19184902964932
}