{
  "total_slates": 31,
  "processed_slates": 31,
  "clean_slates": 31,
  "degraded_slates": 0,
  "skipped_slates": 0,
  "slates_with_labels": 11,
  "skip_reasons": {},
  "mae_A_mean": 5.490165276959009,
  "mae_B_mean": 5.329575253368109,
  "mae_C_mean": 5.1626767203497215,
  "mae_D_mean": 5.115225878067494,
  "mae_E_mean": 5.146032377366595,
  "mae_F_mean": 5.2497525481286775,
  "mae_M_mean": NaN,
  "mae_N_mean": NaN,
  "mae_D_best_mean": 5.0185117255891125,
  "best_D_alpha_mode": 0.7,
  "mae_F_best_mean": 5.235829703405421,
  "best_F_p_mode": 1.3,
  "mae_N_best_mean": NaN,
  "best_N_bench_pool_mode": null,
  "best_N_core_k_mode": null,
  "mae_A_median": 4.8795240806030105,
  "mae_B_median": 5.10895251926969,
  "mae_C_median": 4.5386269065631355,
  "mae_D_median": 4.512463103027208,
  "mae_E_median": 4.541023413568569,
  "mae_F_median": 4.911118525665574,
  "mae_M_median": NaN,
  "mae_N_median": NaN,
  "rmse_A_mean": 7.507631075599504,
  "rmse_B_mean": 7.9203164525254515,
  "rmse_C_mean": 7.852634395903457,
  "rmse_D_mean": 7.6413949442767395,
  "rmse_E_mean": 7.698386546660629,
  "rmse_F_mean": 7.774977490783897,
  "rmse_M_mean": NaN,
  "rmse_N_mean": NaN,
  "mae_P_mean": 9.664259708822776,
  "mae_P_median": 7.1368427173151625,
  "rmse_P_mean": 12.896893918149198,
  "mae_by_bucket_A": {
    "0-10": 4.476978782353739,
    "10-20": 6.489455124242437,
    "20-30": 7.0666677911515565,
    "30+": 5.810420927021763
  },
  "mae_by_bucket_B": {
    "0-10": 4.655441676309424,
    "10-20": 5.459123285602439,
    "20-30": 6.44237888256164,
    "30+": 5.678487945345555
  },
  "mae_by_bucket_C": {
    "0-10": 3.5931879024041895,
    "10-20": 7.415187750897285,
    "20-30": 7.4600820638975796,
    "30+": 5.075920459447743
  },
  "mae_by_bucket_D": {
    "0-10": 3.5964401514364464,
    "10-20": 7.205230590515918,
    "20-30": 7.703880508127858,
    "30+": 4.733869269585015
  },
  "mae_by_bucket_E": {
    "0-10": 3.7296413292945134,
    "10-20": 7.116535928894965,
    "20-30": 7.573068401888569,
    "30+": 4.778944681110163
  },
  "mae_by_bucket_F": {
    "0-10": 4.325115225858036,
    "10-20": 5.929958563575543,
    "20-30": 7.336948305769308,
    "30+": 4.858523566710072
  },
  "mae_by_bucket_M": {},
  "mae_by_bucket_N": {},
  "mae_by_bucket_P": {
    "0-10": 10.914555063145121,
    "10-20": 7.452487410384564,
    "20-30": 7.4018149539162215,
    "30+": 10.103578228817078
  },
  "top5_sum_A_mean": 149.11247612302284,
  "top5_sum_B_mean": 145.80500344803272,
  "top5_sum_C_mean": 162.8644256067594,
  "top5_sum_D_mean": 162.258425146193,
  "top5_sum_E_mean": 161.38955114153126,
  "top5_sum_F_mean": 152.51625559988653,
  "top5_sum_M_mean": NaN,
  "top5_sum_N_mean": NaN,
  "top5_sum_P_mean": 151.49797756240267,
  "top5_sum_A_p90": 159.32682760297013,
  "top5_sum_B_p90": 148.78223099782997,
  "top5_sum_C_p90": 169.51102733043695,
  "top5_sum_D_p90": 168.37256975263625,
  "top5_sum_E_p90": 166.92504020614194,
  "top5_sum_F_p90": 156.11340553918336,
  "top5_sum_M_p90": NaN,
  "top5_sum_N_p90": NaN,
  "top5_sum_P_p90": 157.8427119385842,
  "max_minutes_A_mean": 35.52131582470595,
  "max_minutes_B_mean": 31.769444820960477,
  "max_minutes_C_mean": 38.76701352157071,
  "max_minutes_D_mean": 38.01993284263524,
  "max_minutes_E_mean": 38.035690178473914,
  "max_minutes_F_mean": 33.7811534647971,
  "max_minutes_M_mean": NaN,
  "max_minutes_N_mean": NaN,
  "max_minutes_P_mean": 33.008411646944786,
  "max_minutes_A_p90": 37.71163274745774,
  "max_minutes_B_p90": 32.33935771871512,
  "max_minutes_C_p90": 41.21592565773377,
  "max_minutes_D_p90": 39.9794532474304,
  "max_minutes_E_p90": 39.851494421761444,
  "max_minutes_F_p90": 34.450985769835654,
  "max_minutes_M_p90": NaN,
  "max_minutes_N_p90": NaN,
  "max_minutes_P_p90": 34.21637418312378,
  "gini_A_mean": 0.43626323425916935,
  "gini_B_mean": 0.17607531045206606,
  "gini_C_mean": 0.2868250216924021,
  "gini_D_mean": 0.2781636292628881,
  "gini_E_mean": 0.2726341491645196,
  "gini_F_mean": 0.20846156625792325,
  "gini_M_mean": NaN,
  "gini_N_mean": NaN,
  "gini_P_mean": 0.2228137160263248,
  "roster_size_A_mean": 16.642204301075267,
  "roster_size_B_mean": 10.94963517665131,
  "roster_size_C_mean": 10.94963517665131,
  "roster_size_D_mean": 10.94963517665131,
  "roster_size_E_mean": 10.94963517665131,
  "roster_size_F_mean": 10.94963517665131,
  "roster_size_M_mean": NaN,
  "roster_size_N_mean": NaN,
  "roster_size_P_mean": 15.99070660522273,
  "bench_crush_A_mean": 8.99636485081508,
  "bench_crush_B_mean": 14.66254456032075,
  "bench_crush_C_mean": 9.504589374630184,
  "bench_crush_D_mean": 9.988842494097778,
  "bench_crush_E_mean": 10.226211328160316,
  "bench_crush_F_mean": 13.373788742130634,
  "bench_crush_M_mean": NaN,
  "bench_crush_N_mean": NaN,
  "bench_crush_P_mean": 18.330222727401388,
  "bench_crush_A_p90": 10.044724802825312,
  "bench_crush_B_p90": 14.932419289260512,
  "bench_crush_C_p90": 10.73554702204364,
  "bench_crush_D_p90": 11.055594627025224,
  "bench_crush_E_p90": 11.123103114840402,
  "bench_crush_F_p90": 13.690011742072782,
  "bench_crush_M_p90": NaN,
  "bench_crush_N_p90": NaN,
  "bench_crush_P_p90": 20.411733316352098,
  "pct_teams_top5_lt_150_A": 0.5806451612903226,
  "pct_teams_top5_lt_150_B": 0.967741935483871,
  "pct_teams_top5_lt_150_C": 0.0,
  "pct_teams_top5_lt_150_D": 0.0,
  "pct_teams_top5_lt_150_E": 0.0,
  "pct_teams_top5_lt_150_F": 0.2903225806451613,
  "pct_teams_top5_lt_150_M": NaN,
  "pct_teams_top5_lt_150_N": NaN,
  "pct_teams_max_lt_30_A": 0.0,
  "pct_teams_max_lt_30_B": 0.0,
  "pct_teams_max_lt_30_C": 0.0,
  "pct_teams_max_lt_30_D": 0.0,
  "pct_teams_max_lt_30_E": 0.0,
  "pct_teams_max_lt_30_F": 0.0,
  "pct_teams_max_lt_30_M": NaN,
  "pct_teams_max_lt_30_N": NaN,
  "pct_teams_roster_ge_14_A": 0.8709677419354839,
  "pct_teams_roster_ge_14_B": 0.0,
  "pct_teams_roster_ge_14_C": 0.0,
  "pct_teams_roster_ge_14_D": 0.0,
  "pct_teams_roster_ge_14_E": 0.0,
  "pct_teams_roster_ge_14_F": 0.0,
  "pct_teams_roster_ge_14_M": NaN,
  "pct_teams_roster_ge_14_N": NaN,
  "mae_delta_AB_mean": 0.16059002359089983,
  "mae_delta_AB_std": 0.44760801503890274,
  "mae_delta_CB_mean": -0.16689853301838775,
  "mae_delta_CB_std": 0.4827472912224952,
  "mae_delta_DB_mean": -0.21434937530061468,
  "mae_delta_DB_std": 0.36830703563237477,
  "mae_delta_EB_mean": -0.18354287600151487,
  "mae_delta_EB_std": 0.38766095014549756,
  "mae_delta_FB_mean": -0.07982270523943095,
  "mae_delta_FB_std": 0.05459235909795885,
  "mae_delta_MB_mean": NaN,
  "mae_delta_MB_std": NaN,
  "mae_delta_NB_mean": NaN,
  "mae_delta_NB_std": NaN,
  "pct_slates_A_wins_mae": 0.36363636363636365,
  "pct_slates_C_wins_mae": 0.6363636363636364,
  "pct_slates_D_wins_mae": 0.6363636363636364,
  "pct_slates_E_wins_mae": 0.6363636363636364,
  "pct_slates_F_wins_mae": 0.9090909090909091,
  "pct_slates_M_wins_mae": NaN,
  "pct_slates_N_wins_mae": NaN,
  "pct_slates_A_wins_top5": 0.5454545454545454,
  "pct_slates_C_wins_top5": 1.0,
  "pct_slates_D_wins_top5": 1.0,
  "pct_slates_E_wins_top5": 1.0,
  "pct_slates_F_wins_top5": 1.0,
  "pct_slates_M_wins_top5": NaN,
  "pct_slates_N_wins_top5": NaN,
  "pct_slates_A_wins_both": 0.2727272727272727,
  "pct_slates_C_wins_both": 0.6363636363636364,
  "pct_slates_D_wins_both": 0.6363636363636364,
  "pct_slates_E_wins_both": 0.6363636363636364,
  "pct_slates_F_wins_both": 0.9090909090909091,
  "pct_slates_M_wins_both": NaN,
  "pct_slates_N_wins_both": NaN,
  "pct_slates_P_wins_mae": NaN,
  "pct_slates_P_wins_top5": NaN,
  "pct_slates_P_wins_both": NaN,
  "mae_delta_AP_mean": NaN,
  "mae_delta_DP_mean": NaN,
  "mae_delta_EP_mean": NaN,
  "mae_delta_FP_mean": NaN,
  "mae_delta_MP_mean": NaN,
  "mae_delta_NP_mean": NaN,
  "ordering_10_30_A_mean": 0.7176208417604522,
  "ordering_10_30_B_mean": 0.6749047594420972,
  "ordering_10_30_C_mean": 0.701769166379556,
  "ordering_10_30_D_mean": 0.6908711556601167,
  "ordering_10_30_E_mean": 0.6905102070848824,
  "ordering_10_30_F_mean": 0.6749047594420972,