{
  "cal_rows": 6629,
  "conformal_buckets": "starter,p50bins",
  "conformal_k": 200,
  "conformal_mode": "two-sided",
  "fold_id": null,
  "inside_cov": 0.5657472738935214,
  "mpiwn": 13.907289734669575,
  "nonmono_clip_rate": 0.0,
  "nonmono_rate_final": 0.0,
  "nonmono_rate_raw": 0.0,
  "per_bucket": {
    "bench|8-18": {
      "cond_inside_cov": 0.6666666666666666,
      "cond_n": 822,
      "cond_p10_cov": 0.22262773722627738,
      "cond_p90_cov": 0.889294403892944,
      "inside_cov": 0.5490981963927855,
      "n": 998,
      "p10_cov": 0.35971943887775554,
      "p90_cov": 0.908817635270541
    },
    "bench|<8": {
      "cond_inside_cov": 0.6740442655935613,
      "cond_n": 497,
      "cond_p10_cov": 0.09859154929577464,
      "cond_p90_cov": 0.772635814889336,
      "inside_cov": 0.2565084226646248,
      "n": 1306,
      "p10_cov": 0.6569678407350689,
      "p90_cov": 0.9134762633996937
    },
    "bench|>18": {
      "cond_inside_cov": 0.7310393258426966,
      "cond_n": 1424,
      "cond_p10_cov": 0.23946629213483145,
      "cond_p90_cov": 0.9705056179775281,
      "inside_cov": 0.6214925373134328,
      "n": 1675,
      "p10_cov": 0.3534328358208955,
      "p90_cov": 0.9749253731343284
    },
    "starter|8-18": {
      "cond_inside_cov": 0.10975609756097561,
      "cond_n": 82,
      "cond_p10_cov": 0.0,
      "cond_p90_cov": 0.10975609756097561,
      "inside_cov": 0.10975609756097561,
      "n": 82,
      "p10_cov": 0.0,
      "p90_cov": 0.10975609756097561
    },
    "starter|<8": {
      "cond_inside_cov": 0.0,
      "cond_n": 27,
      "cond_p10_cov": 0.0,
      "cond_p90_cov": 0.0,
      "inside_cov": 0.0,
      "n": 27,
      "p10_cov": 0.0,
      "p90_cov": 0.0
    },
    "starter|>18": {
      "cond_inside_cov": 0.7425512104283054,
      "cond_n": 2148,
      "cond_p10_cov": 0.11731843575418995,
      "cond_p90_cov": 0.8598696461824954,
      "inside_cov": 0.7425512104283054,
      "n": 2148,
      "p10_cov": 0.11731843575418995,
      "p90_cov": 0.8598696461824954
    }
  },
  "playable_acceptance": {
    "p10_bounds": {
      "hi": 0.12,
      "lo": 0.08
    },
    "p90_bounds": {
      "hi": 0.94,
      "lo": 0.87
    },
    "passed": false,
    "playable_cond_count": 4359,
    "playable_count": 4714,
    "reasons": [
      "p10_cond_playable=0.17366368433126864 outside (0.08, 0.12)"
    ],
    "winkler_baseline": null,
    "winkler_tolerance": 1.0
  },
  "playable_cond_count": 4359,
  "playable_count": 4714,
  "playable_minutes_threshold": 10.0,
  "run_id": "v1_full_history_noplayoff_fixeddata_v2",
  "target_col": "minutes",
  "train_rows": 192220,
  "val_excess_p10": 0.23050032071840926,
  "val_excess_p90": -0.003752405388069424,
  "val_floor_p10": 0.09999999999999999,
  "val_floor_p90": 0.9000000000000001,
  "val_inside_cond_playable": 0.7157604955264969,
  "val_mae_0_10": 8.760563152593628,
  "val_mae_10_20": 5.767846175618403,
  "val_mae_20_30": 4.46224296134777,
  "val_mae_30_plus": 5.550241744011745,
  "val_mae_overall": 6.391556620627109,
  "val_mae_p50": 6.391556620627109,
  "val_mae_p50_raw": 6.392342390547039,
  "val_p10_cond_playable": 0.17366368433126864,
  "val_p10_conditional": 0.165,
  "val_p10_coverage": 0.33050032071840924,
  "val_p10_raw_coverage": 0.32392559332905707,
  "val_p90_cond_playable": 0.8894241798577656,
  "val_p90_conditional": 0.8706,
  "val_p90_coverage": 0.8962475946119307,
  "val_p90_raw_coverage": 0.881975625400898,
  "val_play_prob_brier": null,
  "val_play_prob_brier_playable": 0.07530759439966059,
  "val_play_prob_ece": null,
  "val_play_prob_ece_playable": 0.0,
  "val_play_prob_mean": 1.0,
  "val_play_prob_threshold": 0.5,
  "val_rows": 6236,
  "val_rows_unique": 6236,
  "val_will_play_rate": 1.0,
  "val_winkler_cond_playable": 24.480869981601177,
  "winkler_alpha_0_2": 29.068345020087783
}