{
  "categorical": {
    "home_flag": [
      "0",
      "1"
    ],
    "injury_snapshot_missing": [
      "1",
      "0"
    ],
    "starter_flag": [
      "1",
      "0"
    ]
  },
  "continuous": {
    "arch_delta_max_role": {
      "mean": 0.0,
      "std": 1.0
    },
    "arch_delta_min_role": {
      "mean": 0.0,
      "std": 1.0
    },
    "arch_delta_same_pos": {
      "mean": 0.0,
      "std": 1.0
    },
    "arch_delta_sum": {
      "mean": 0.0,
      "std": 1.0
    },
    "arch_missing_same_pos_count": {
      "mean": 0.0,
      "std": 1.0
    },
    "arch_missing_total_count": {
      "mean": 0.0,
      "std": 1.0
    },
    "available_B": {
      "mean": 0.7841921767999933,
      "std": 1.0670080391891148
    },
    "available_G": {
      "mean": 2.9499504913422254,
      "std": 3.6493280972994975
    },
    "available_W": {
      "mean": 3.437282099499921,
      "std": 4.249717281060786
    },
    "away_team_id": {
      "mean": 1610612758.984407,
      "std": 174.51395898604562
    },
    "blowout_index": {
      "mean": 0.27950786730015564,
      "std": 0.4266880337072366
    },
    "blowout_risk_score": {
      "mean": 0.33356839544797706,
      "std": 0.23101290238913846
    },
    "close_game_score": {
      "mean": 0.43359911300455145,
      "std": 0.2084224288287613
    },
    "days_since_last": {
      "mean": 0.4783494773185,
      "std": 1.177408845141117
    },
    "days_since_return": {
      "mean": 0.0,
      "std": 1.0
    },
    "depth_same_pos_active": {
      "mean": 2.8796315557367635,
      "std": 3.689075618860441
    },
    "games_since_return": {
      "mean": 0.0,
      "std": 1.0
    },
    "home_team_id": {
      "mean": 1610612758.9299307,
      "std": 174.48906056226002
    },
    "is_3in4": {
      "mean": 0.2908945673608973,
      "std": 0.4541749861461039
    },
    "is_4in6": {
      "mean": 0.27355405596558524,
      "std": 0.4457827210989258
    },
    "is_b2b": {
      "mean": 0.02641848545111124,
      "std": 0.160376273424658
    },
    "is_confirmed_starter": {
      "mean": 0.12619299223670963,
      "std": 0.332066741705723
    },
    "is_out": {
      "mean": 0.0,
      "std": 1.0
    },
    "is_prob": {
      "mean": 0.0003328313127699054,
      "std": 0.018240628719623266
    },
    "is_projected_starter": {
      "mean": 0.12660903137767202,
      "std": 0.33253448625861304
    },
    "is_q": {
      "mean": 0.00032451052995065776,
      "std": 0.018011252673443036
    },
    "min_last1": {
      "mean": 22.10792162574726,
      "std": 11.376289488891208
    },
    "min_last3": {
      "mean": 21.61414466815586,
      "std": 11.234716916423196
    },
    "min_last5": {
      "mean": 21.433849993772846,
      "std": 11.14665586482443
    },
    "prior_play_prob": {
      "mean": 0.8268823790080083,
      "std": 0.03255448134592249
    },
    "ramp_flag": {
      "mean": 0.00018305722202344797,
      "std": 0.013528625653661681
    },
    "recent_start_pct_10": {
      "mean": 0.6940864196503607,
      "std": 0.46079329607461095
    },
    "restriction_flag": {
      "mean": 9.984939383097162e-05,
      "std": 0.009991967970801508
    },
    "role_change_rate_10g": {
      "mean": 0.08940247269891723,
      "std": 0.13969433877301313
    },
    "roll_iqr_5": {
      "mean": 1.693108962731214,
      "std": 4.6121081403174715
    },
    "roll_mean_10": {
      "mean": 21.23441765456524,
      "std": 11.08469492867189
    },
    "roll_mean_3": {
      "mean": 21.61414466815586,
      "std": 11.234716916423196
    },
    "roll_mean_5": {
      "mean": 21.433849993772846,
      "std": 11.14665586482443
    },
    "rotation_minutes_std_5g": {
      "mean": 4.730659278579413,
      "std": 4.148155388785024
    },
    "same_archetype_overlap": {
      "mean": 0.40812607650127725,
      "std": 0.49148670600632804
    },
    "season_phase": {
      "mean": 0.29071895261684,
      "std": 0.27825477311514424
    },
    "spread_home": {
      "mean": -2.2679690457164488,
      "std": 7.036409331636472
    },
    "starter_prev_game_asof": {
      "mean": 0.6940864196503607,
      "std": 0.46079329607461095
    },
    "sum_min_7d": {
      "mean": 29.77840790973615,
      "std": 56.65943435968687
    },
    "team_minutes_dispersion_prior": {
      "mean": 13.80784836801587,
      "std": 1.7035570236429685
    },
    "total": {
      "mean": 224.62244505216248,
      "std": 18.075303129535516
    },
    "z_vs_10": {
      "mean": 0.08559604013232044,
      "std": 0.6978344436106353
    }
  }
}