{
  "cal_rows": 1300,
  "conformal_buckets": "starter,p50bins",
  "conformal_k": 200,
  "conformal_mode": "two-sided",
  "fold_id": null,
  "inside_cov": 0.6383866481223922,
  "mpiwn": 1.3577511609267747,
  "nonmono_clip_rate": 0.0,
  "nonmono_rate_final": 0.0,
  "nonmono_rate_raw": 0.0,
  "per_bucket": {
    "bench|8-18": {
      "cond_inside_cov": 0.8914027149321266,
      "cond_n": 221,
      "cond_p10_cov": 0.05429864253393665,
      "cond_p90_cov": 0.9457013574660633,
      "inside_cov": 0.8914027149321266,
      "n": 221,
      "p10_cov": 0.05429864253393665,
      "p90_cov": 0.9457013574660633
    },
    "bench|<8": {
      "cond_inside_cov": 0.8682170542635659,
      "cond_n": 129,
      "cond_p10_cov": 0.10852713178294573,
      "cond_p90_cov": 0.9767441860465116,
      "inside_cov": 0.2166344294003868,
      "n": 517,
      "p10_cov": 0.7775628626692457,
      "p90_cov": 0.9941972920696325
    },
    "bench|>18": {
      "cond_inside_cov": 0.845,
      "cond_n": 200,
      "cond_p10_cov": 0.095,
      "cond_p90_cov": 0.94,
      "inside_cov": 0.845,
      "n": 200,
      "p10_cov": 0.095,
      "p90_cov": 0.94
    },
    "starter|>18": {
      "cond_inside_cov": 0.88,
      "cond_n": 500,
      "cond_p10_cov": 0.038,
      "cond_p90_cov": 0.918,
      "inside_cov": 0.88,
      "n": 500,
      "p10_cov": 0.038,
      "p90_cov": 0.918
    }
  },
  "playable_acceptance": {
    "p10_bounds": {
      "hi": 0.12,
      "lo": 0.08
    },
    "p90_bounds": {
      "hi": 0.94,
      "lo": 0.87
    },
    "passed": false,
    "playable_cond_count": 892,
    "playable_count": 892,
    "reasons": [
      "p10_cond_playable=0.053811659192825115 outside (0.08, 0.12)"
    ],
    "winkler_baseline": null,
    "winkler_tolerance": 1.0
  },
  "playable_cond_count": 892,
  "playable_count": 892,
  "playable_minutes_threshold": 10.0,
  "run_id": "v1_dec_smoke_lgbm",
  "target_col": "minutes",
  "train_rows": 2737,
  "val_excess_p10": -0.028511821974965268,
  "val_excess_p90": 0.025730180806675773,
  "val_floor_p10": 0.3428372739916551,
  "val_floor_p90": 0.9269819193324063,
  "val_inside_cond_playable": 0.874439461883408,
  "val_mae_0_10": 1.4898198725565404,
  "val_mae_10_20": 0.2606395276893389,
  "val_mae_20_30": 0.22664640036238876,
  "val_mae_30_plus": 0.35871882131499266,
  "val_mae_overall": 0.7445857639317343,
  "val_mae_p50": 0.7445857639317343,
  "val_mae_p50_raw": 0.7445857639317343,
  "val_p10_cond_playable": 0.053811659192825115,
  "val_p10_conditional": 0.06095238095238095,
  "val_p10_coverage": 0.3143254520166898,
  "val_p10_raw_coverage": 0.41307371349095967,
  "val_p90_cond_playable": 0.9282511210762332,
  "val_p90_conditional": 0.9352380952380952,
  "val_p90_coverage": 0.952712100139082,
  "val_p90_raw_coverage": 0.8442280945757997,
  "val_play_prob_brier": 0.0,
  "val_play_prob_brier_playable": 0.0,
  "val_play_prob_ece": 0.0,
  "val_play_prob_ece_playable": 0.0,
  "val_play_prob_mean": 0.7301808066759388,
  "val_play_prob_threshold": 0.5,
  "val_rows": 1438,
  "val_rows_unique": 1438,
  "val_will_play_rate": 0.7301808066759388,
  "val_winkler_cond_playable": 1.3614630253406892,
  "winkler_alpha_0_2": 3.250202557486921
}