{
  "total_slates": 3,
  "processed_slates": 3,
  "skipped_slates": 0,
  "slates_with_labels": 3,
  "mae_A_mean": 6.602929840497112,
  "mae_B_mean": 6.461708352143712,
  "mae_A_median": 7.091737334865795,
  "mae_B_median": 6.588987232502251,
  "rmse_A_mean": 9.687336443204154,
  "rmse_B_mean": 9.326307268467223,
  "mae_by_bucket_A": {
    "0-10": 5.687377793800416,
    "10-20": 8.478244440756546,
    "20-30": 8.31087916442061,
    "30+": 5.518451427801527
  },
  "mae_by_bucket_B": {
    "0-10": 6.250080340967476,
    "10-20": 7.198223148116267,
    "20-30": 6.985556685349135,
    "30+": 5.63332397938206
  },
  "top5_sum_A_mean": 158.38257137266785,
  "top5_sum_B_mean": 145.73878429107052,
  "top5_sum_A_p90": 159.99208597671372,
  "top5_sum_B_p90": 147.39562091084346,
  "max_minutes_A_mean": 37.795641472138236,
  "max_minutes_B_mean": 32.23285736648665,
  "max_minutes_A_p90": 38.52666146969071,
  "max_minutes_B_p90": 32.495372559122394,
  "gini_A_mean": 0.2603714001579122,
  "gini_B_mean": 0.1715646974593685,
  "roster_size_A_mean": 10.873015873015873,
  "roster_size_B_mean": 10.873015873015873,
  "bench_crush_A_mean": 10.256354035953605,
  "bench_crush_B_mean": 14.755584633482309,
  "bench_crush_A_p90": 11.06273007939185,
  "bench_crush_B_p90": 14.885081710066483,
  "pct_teams_top5_lt_150_A": 0.0,
  "pct_teams_top5_lt_150_B": 1.0,
  "pct_teams_max_lt_30_A": 0.0,
  "pct_teams_max_lt_30_B": 0.0,
  "pct_teams_roster_ge_14_A": 0.0,
  "pct_teams_roster_ge_14_B": 0.0,
  "mae_delta_mean": 0.1412214883534011,
  "mae_delta_std": 0.40173849311197374,
  "pct_slates_A_wins_mae": 0.3333333333333333,
  "pct_slates_A_wins_top5": 1.0,
  "pct_slates_A_wins_both": 0.3333333333333333
}