{
  "run_id": "lgbm_full_v1_no_p_play_20251202",
  "p50_threshold": 32.0,
  "k_high_star": 1.0,
  "val_star_counts": {
    "rows_playable": 354
  },
  "raw": {
    "p10_under": 0.2231638418079096,
    "p90_cov": 0.867231638418079,
    "inside": 0.6440677966101694,
    "width": 8.790314649607659
  },
  "calibrated": {
    "p10_under": 0.2231638418079096,
    "p90_cov": 0.867231638418079,
    "inside": 0.6440677966101694,
    "width": 8.790314649607659
  }
}