{
  "train": {
    "rows": 182858,
    "mae_q50": 5.684326234369208,
    "coverage_q10_q90": 0.6122510363232673,
    "cond_coverage_q10_q90": 0.9314949950491342,
    "bucket_mae": {
      "mae_0_10": 8.923847183777077,
      "mae_10_20": 3.340298715713366,
      "mae_20_30": 1.5957972138412353,
      "mae_30_plus": 4.265624730480447,
      "mae_overall": 5.684326234369208
    }
  },
  "cal": {
    "rows": 15991,
    "mae_q50": 5.318362725929899,
    "coverage_q10_q90": 0.6052154336814458,
    "cond_coverage_q10_q90": 0.9567968363816115,
    "bucket_mae": {
      "mae_0_10": 8.874060770480291,
      "mae_10_20": 2.5699315105098486,
      "mae_20_30": 0.9460944723749986,
      "mae_30_plus": 3.432715922645103,
      "mae_overall": 5.318362725929899
    }
  },
  "val": {
    "rows": 5184,
    "mae_q50": 6.643962063034178,
    "coverage_q10_q90": 0.5650077160493827,
    "cond_coverage_q10_q90": 0.7044797687861272,
    "bucket_mae": {
      "mae_0_10": 9.255495507516292,
      "mae_10_20": 5.774978282838368,
      "mae_20_30": 4.61944420430919,
      "mae_30_plus": 5.625095759660953,
      "mae_overall": 6.643962063034178
    }
  }
}