{
  "total_slates": 3,
  "processed_slates": 3,
  "clean_slates": 3,
  "degraded_slates": 0,
  "skipped_slates": 0,
  "slates_with_labels": 3,
  "skip_reasons": {},
  "mae_A_mean": 3.9760834998728583,
  "mae_B_mean": 4.299184157751428,
  "mae_C_mean": 3.542170938887029,
  "mae_A_median": 3.874286004629699,
  "mae_B_median": 4.361355907683357,
  "mae_C_median": 3.2245608830143446,
  "rmse_A_mean": 5.7210892930807775,
  "rmse_B_mean": 6.711228839592255,
  "rmse_C_mean": 5.631322797873939,
  "mae_by_bucket_A": {
    "0-10": 2.284448606165832,
    "10-20": 6.212391307722544,
    "20-30": 6.560465499226961,
    "30+": 4.2010435649560165
  },
  "mae_by_bucket_B": {
    "0-10": 3.2474024039568103,
    "10-20": 3.283706960762686,
    "20-30": 6.080825355960489,
    "30+": 5.603976720467469
  },
  "mae_by_bucket_C": {
    "0-10": 1.3858728552256399,
    "10-20": 6.177853209034446,
    "20-30": 6.802132661815539,
    "30+": 3.8917334442788767
  },
  "top5_sum_A_mean": 162.9030290815082,
  "top5_sum_B_mean": 148.97120092662814,
  "top5_sum_C_mean": 169.82180781812562,
  "top5_sum_A_p90": 166.8816430251102,
  "top5_sum_B_p90": 150.8809846279292,
  "top5_sum_C_p90": 176.04484962871504,
  "max_minutes_A_mean": 37.40034118819876,
  "max_minutes_B_mean": 31.45691819184015,
  "max_minutes_C_mean": 38.970005253570186,
  "max_minutes_A_p90": 37.64244409649579,
  "max_minutes_B_p90": 31.751048184515913,
  "max_minutes_C_p90": 39.42912010782404,
  "gini_A_mean": 0.3792698173874121,
  "gini_B_mean": 0.1809356994702125,
  "gini_C_mean": 0.31268726029940297,
  "roster_size_A_mean": 13.466666666666667,
  "roster_size_B_mean": 10.916666666666666,
  "roster_size_C_mean": 10.916666666666666,
  "bench_crush_A_mean": 7.219579980292319,
  "bench_crush_B_mean": 14.808537289477622,
  "bench_crush_C_mean": 7.284757554181634,
  "bench_crush_A_p90": 8.968387161476025,
  "bench_crush_B_p90": 14.865131255618016,
  "bench_crush_C_p90": 9.015858725875594,
  "pct_teams_top5_lt_150_A": 0.0,
  "pct_teams_top5_lt_150_B": 0.6666666666666666,
  "pct_teams_top5_lt_150_C": 0.0,
  "pct_teams_max_lt_30_A": 0.0,
  "pct_teams_max_lt_30_B": 0.0,
  "pct_teams_max_lt_30_C": 0.0,
  "pct_teams_roster_ge_14_A": 0.3333333333333333,
  "pct_teams_roster_ge_14_B": 0.0,
  "pct_teams_roster_ge_14_C": 0.0,
  "mae_delta_AB_mean": -0.3231006578785702,
  "mae_delta_AB_std": 0.1163358211882577,
  "mae_delta_CB_mean": -0.7570132188643991,
  "mae_delta_CB_std": 0.26855902656609476,
  "pct_slates_A_wins_mae": 1.0,
  "pct_slates_C_wins_mae": 1.0,
  "pct_slates_A_wins_top5": 1.0,
  "pct_slates_C_wins_top5": 1.0,
  "pct_slates_A_wins_both": 1.0,
  "pct_slates_C_wins_both": 1.0
}