{
  "total_slates": 61,
  "processed_slates": 9,
  "clean_slates": 9,
  "degraded_slates": 0,
  "skipped_slates": 52,
  "slates_with_labels": 9,
  "skip_reasons": {
    "too_many_missing_features (9/58)": 43,
    "integrity_failed: incomplete_rosters (min 1 players)": 1,
    "features_not_found": 8
  },
  "mae_A_mean": 5.337866515099025,
  "mae_B_mean": 5.26750857211339,
  "mae_C_mean": 5.0981436365720425,
  "mae_A_median": 4.8795240806030105,
  "mae_B_median": 5.10895251926969,
  "mae_C_median": 4.5386269065631355,
  "rmse_A_mean": 7.436143928519978,
  "rmse_B_mean": 7.859444219843455,
  "rmse_C_mean": 7.7665405299036046,
  "mae_by_bucket_A": {
    "0-10": 4.208570895796593,
    "10-20": 6.482968733841176,
    "20-30": 7.140478373792945,
    "30+": 5.615021228967061
  },
  "mae_by_bucket_B": {
    "0-10": 4.527523390910901,
    "10-20": 5.276117996823173,
    "20-30": 6.481068855210952,
    "30+": 5.720786815220502
  },
  "mae_by_bucket_C": {
    "0-10": 3.456602710602913,
    "10-20": 7.367612946679633,
    "20-30": 7.687741393551802,
    "30+": 4.887431051435449
  },
  "top5_sum_A_mean": 152.83920324737446,
  "top5_sum_B_mean": 147.07495482217618,
  "top5_sum_C_mean": 163.8972469910383,
  "top5_sum_A_p90": 163.09673361867965,
  "top5_sum_B_p90": 150.03193996579432,
  "top5_sum_C_p90": 169.19942197868275,
  "max_minutes_A_mean": 35.75876870103645,
  "max_minutes_B_mean": 31.892427677335245,
  "max_minutes_C_mean": 38.35420622099116,
  "max_minutes_A_p90": 37.70612771540503,
  "max_minutes_B_p90": 32.36822458473672,
  "max_minutes_C_p90": 39.38055362608135,
  "gini_A_mean": 0.39257433839264494,
  "gini_B_mean": 0.17601893680602235,
  "gini_C_mean": 0.28580578853648686,
  "roster_size_A_mean": 15.029497354497355,
  "roster_size_B_mean": 10.904894179894178,
  "roster_size_C_mean": 10.904894179894178,
  "bench_crush_A_mean": 8.798192765105973,
  "bench_crush_B_mean": 14.771730843474504,
  "bench_crush_C_mean": 9.102628990100655,
  "bench_crush_A_p90": 9.841459210026112,
  "bench_crush_B_p90": 14.887576709103113,
  "bench_crush_C_p90": 10.423768531941723,
  "pct_teams_top5_lt_150_A": 0.4444444444444444,
  "pct_teams_top5_lt_150_B": 0.8888888888888888,
  "pct_teams_top5_lt_150_C": 0.0,
  "pct_teams_max_lt_30_A": 0.0,
  "pct_teams_max_lt_30_B": 0.0,
  "pct_teams_max_lt_30_C": 0.0,
  "pct_teams_roster_ge_14_A": 0.5555555555555556,
  "pct_teams_roster_ge_14_B": 0.0,
  "pct_teams_roster_ge_14_C": 0.0,
  "mae_delta_AB_mean": 0.07035794298563422,
  "mae_delta_AB_std": 0.3992563621731162,
  "mae_delta_CB_mean": -0.1693649355413478,
  "mae_delta_CB_std": 0.5177884009599166,
  "pct_slates_A_wins_mae": 0.4444444444444444,
  "pct_slates_C_wins_mae": 0.6666666666666666,
  "pct_slates_A_wins_top5": 0.5555555555555556,
  "pct_slates_C_wins_top5": 1.0,
  "pct_slates_A_wins_both": 0.3333333333333333,
  "pct_slates_C_wins_both": 0.6666666666666666
}