{
  "train": {
    "status=AVAIL,starter=0": {
      "rows": 1182,
      "mae_q50": 2.4662883578062758,
      "coverage_q10_q90": 0.7157360406091371,
      "cond_coverage_q10_q90": 0.9195652173913044,
      "mae_0_10": 4.180648456870866,
      "mae_10_20": 1.0274307643618639,
      "mae_20_30": 1.7881808729874915,
      "mae_30_plus": 9.824546106745547,
      "mae_overall": 2.4662883578062758
    },
    "status=AVAIL,starter=1": {
      "rows": 1573,
      "mae_q50": 1.1376332658038424,
      "coverage_q10_q90": 0.9198982835346472,
      "cond_coverage_q10_q90": 0.9198982835346472,
      "mae_0_10": NaN,
      "mae_10_20": 4.0318592856999045,
      "mae_20_30": 1.4437547992083328,
      "mae_30_plus": 0.9960434161879882,
      "mae_overall": 1.1376332658038424
    },
    "status=PROB,starter=0": {
      "rows": 12,
      "mae_q50": 3.4215326173488303,
      "coverage_q10_q90": 0.75,
      "cond_coverage_q10_q90": 0.9,
      "mae_0_10": 4.670145796819589,
      "mae_10_20": 2.0691981329636673,
      "mae_20_30": 4.981309711562798,
      "mae_30_plus": NaN,
      "mae_overall": 3.4215326173488303
    },
    "status=PROB,starter=1": {
      "rows": 20,
      "mae_q50": 2.1453662164282523,
      "coverage_q10_q90": 0.9,
      "cond_coverage_q10_q90": 0.9,
      "mae_0_10": NaN,
      "mae_10_20": NaN,
      "mae_20_30": 2.740000095089375,
      "mae_30_plus": 1.9471549235412113,
      "mae_overall": 2.1453662164282523
    },
    "status=Q,starter=0": {
      "rows": 35,
      "mae_q50": 8.304631414591816,
      "coverage_q10_q90": 0.3142857142857143,
      "cond_coverage_q10_q90": 0.8461538461538461,
      "mae_0_10": 11.195869863166989,
      "mae_10_20": 1.4055606657547248,
      "mae_20_30": 3.7327556184427415,
      "mae_30_plus": NaN,
      "mae_overall": 8.304631414591816
    },
    "status=Q,starter=1": {
      "rows": 22,
      "mae_q50": 2.3722166169715275,
      "coverage_q10_q90": 0.9545454545454546,
      "cond_coverage_q10_q90": 0.9545454545454546,
      "mae_0_10": NaN,
      "mae_10_20": NaN,
      "mae_20_30": 2.7840370465164233,
      "mae_30_plus": 2.0290329256841146,
      "mae_overall": 2.3722166169715275
    },
    "status=UNK,starter=0": {
      "rows": 80443,
      "mae_q50": 4.597232834324638,
      "coverage_q10_q90": 0.4145295426575339,
      "cond_coverage_q10_q90": 0.9029565594428335,
      "mae_0_10": 5.820848255207876,
      "mae_10_20": 1.4024815163647375,
      "mae_20_30": 2.9702185513294106,
      "mae_30_plus": 7.078398316771204,
      "mae_overall": 4.597232834324638
    },
    "status=UNK,starter=1": {
      "rows": 31870,
      "mae_q50": 1.7744591118784285,
      "coverage_q10_q90": 0.8962660809538752,
      "cond_coverage_q10_q90": 0.8962660809538752,
      "mae_0_10": 4.881686957498652,
      "mae_10_20": 3.794774606341372,
      "mae_20_30": 2.0816475457240933,
      "mae_30_plus": 1.5843094901033077,
      "mae_overall": 1.7744591118784285
    }
  },
  "cal": {
    "status=AVAIL,starter=0": {
      "rows": 115,
      "mae_q50": 0.551458506417863,
      "coverage_q10_q90": 0.8,
      "cond_coverage_q10_q90": 1.0,
      "mae_0_10": 1.0569810107673188,
      "mae_10_20": 0.17131465692003484,
      "mae_20_30": 0.09694060188591866,
      "mae_30_plus": 3.458345905455886,
      "mae_overall": 0.551458506417863
    },
    "status=AVAIL,starter=1": {
      "rows": 120,
      "mae_q50": 0.24413484938571542,
      "coverage_q10_q90": 0.9666666666666667,
      "cond_coverage_q10_q90": 0.9666666666666667,
      "mae_0_10": NaN,
      "mae_10_20": NaN,
      "mae_20_30": 0.2928016935623186,
      "mae_30_plus": 0.222439991138314,
      "mae_overall": 0.24413484938571542
    },
    "status=PROB,starter=0": {
      "rows": 1,
      "mae_q50": 1.0055607483460278,
      "coverage_q10_q90": 1.0,
      "cond_coverage_q10_q90": 1.0,
      "mae_0_10": NaN,
      "mae_10_20": NaN,
      "mae_20_30": 1.0055607483460278,
      "mae_30_plus": NaN,
      "mae_overall": 1.0055607483460278
    },
    "status=PROB,starter=1": {
      "rows": 3,
      "mae_q50": 0.09677401184406993,
      "coverage_q10_q90": 1.0,
      "cond_coverage_q10_q90": 1.0,
      "mae_0_10": NaN,
      "mae_10_20": NaN,
      "mae_20_30": 0.0409771580178564,
      "mae_30_plus": 0.1246724387571767,
      "mae_overall": 0.09677401184406993
    },
    "status=Q,starter=0": {
      "rows": 10,
      "mae_q50": 2.8589116229766374,
      "coverage_q10_q90": 0.2,
      "cond_coverage_q10_q90": 1.0,
      "mae_0_10": 3.5590259774016304,
      "mae_10_20": 0.017970605027128883,
      "mae_20_30": 0.09893780552620868,
      "mae_30_plus": NaN,
      "mae_overall": 2.8589116229766374
    },
    "status=Q,starter=1": {
      "rows": 2,
      "mae_q50": 0.6220360384872805,
      "coverage_q10_q90": 1.0,
      "cond_coverage_q10_q90": 1.0,
      "mae_0_10": NaN,
      "mae_10_20": NaN,
      "mae_20_30": NaN,
      "mae_30_plus": 0.6220360384872805,
      "mae_overall": 0.6220360384872805
    },
    "status=UNK,starter=0": {
      "rows": 8675,
      "mae_q50": 4.1609992309312895,
      "coverage_q10_q90": 0.3964265129682997,
      "cond_coverage_q10_q90": 0.9272040981396603,
      "mae_0_10": 5.3901961718844165,
      "mae_10_20": 0.9028884814659391,
      "mae_20_30": 1.9905688653094227,
      "mae_30_plus": 2.653729565587913,
      "mae_overall": 4.1609992309312895
    },
    "status=UNK,starter=1": {
      "rows": 3305,
      "mae_q50": 1.147030513132054,
      "coverage_q10_q90": 0.924357034795764,
      "cond_coverage_q10_q90": 0.924357034795764,
      "mae_0_10": NaN,
      "mae_10_20": 4.510384962764175,
      "mae_20_30": 1.5031374675679645,
      "mae_30_plus": 0.9097622381350327,
      "mae_overall": 1.147030513132054
    }
  },
  "val": {
    "status=AVAIL,starter=0": {
      "rows": 47,
      "mae_q50": 6.6163574528373825,
      "coverage_q10_q90": 0.574468085106383,
      "cond_coverage_q10_q90": 0.6923076923076923,
      "mae_0_10": 10.243043538244017,
      "mae_10_20": 3.7615025603756944,
      "mae_20_30": 5.79307084702944,
      "mae_30_plus": NaN,
      "mae_overall": 6.6163574528373825
    },
    "status=AVAIL,starter=1": {
      "rows": 40,
      "mae_q50": 4.087343166679661,
      "coverage_q10_q90": 0.675,
      "cond_coverage_q10_q90": 0.675,
      "mae_0_10": NaN,
      "mae_10_20": NaN,
      "mae_20_30": 6.6437984900953895,
      "mae_30_plus": 2.553469972630225,
      "mae_overall": 4.087343166679661
    },
    "status=PROB,starter=1": {
      "rows": 3,
      "mae_q50": 4.653576325259423,
      "coverage_q10_q90": 0.6666666666666666,
      "cond_coverage_q10_q90": 0.6666666666666666,
      "mae_0_10": NaN,
      "mae_10_20": NaN,
      "mae_20_30": 7.362187067738578,
      "mae_30_plus": 3.299270954019846,
      "mae_overall": 4.653576325259423
    },
    "status=Q,starter=0": {
      "rows": 2,
      "mae_q50": 22.644967424566488,
      "coverage_q10_q90": 0.0,
      "cond_coverage_q10_q90": null,
      "mae_0_10": 22.644967424566488,
      "mae_10_20": NaN,
      "mae_20_30": NaN,
      "mae_30_plus": NaN,
      "mae_overall": 22.644967424566488
    },
    "status=Q,starter=1": {
      "rows": 3,
      "mae_q50": 1.6097732735719283,
      "coverage_q10_q90": 0.6666666666666666,
      "cond_coverage_q10_q90": 0.6666666666666666,
      "mae_0_10": NaN,
      "mae_10_20": NaN,
      "mae_20_30": NaN,
      "mae_30_plus": 1.6097732735719283,
      "mae_overall": 1.6097732735719283
    },
    "status=UNK,starter=0": {
      "rows": 1451,
      "mae_q50": 5.863702263070145,
      "coverage_q10_q90": 0.4583046175051689,
      "cond_coverage_q10_q90": 0.6974789915966386,
      "mae_0_10": 7.173504214379555,
      "mae_10_20": 3.6672059694034562,
      "mae_20_30": 4.9654918778368105,
      "mae_30_plus": 13.223633028946864,
      "mae_overall": 5.863702263070145
    },
    "status=UNK,starter=1": {
      "rows": 754,
      "mae_q50": 3.6519298155566147,
      "coverage_q10_q90": 0.669761273209549,
      "cond_coverage_q10_q90": 0.669761273209549,