{
  "cal_rows": 15991,
  "conformal_buckets": "starter,p50bins",
  "conformal_k": 200,
  "conformal_mode": "two-sided",
  "fold_id": null,
  "inside_cov": 0.42944785276073616,
  "mpiwn": 14.30508479503971,
  "nonmono_clip_rate": 0.0,
  "nonmono_rate_final": 0.0,
  "nonmono_rate_raw": 0.0,
  "per_bucket": {
    "bench|8-18": {
      "cond_inside_cov": 0.6882591093117408,
      "cond_n": 247,
      "cond_p10_cov": 0.22672064777327935,
      "cond_p90_cov": 0.9149797570850202,
      "inside_cov": 0.5964912280701754,
      "n": 285,
      "p10_cov": 0.3298245614035088,
      "p90_cov": 0.9263157894736842
    },
    "bench|<8": {
      "cond_inside_cov": 0.7336683417085427,
      "cond_n": 199,
      "cond_p10_cov": 0.05527638190954774,
      "cond_p90_cov": 0.7889447236180904,
      "inside_cov": 0.2967479674796748,
      "n": 492,
      "p10_cov": 0.6178861788617886,
      "p90_cov": 0.9146341463414634
    },
    "bench|>18": {
      "cond_inside_cov": 0.7815884476534296,
      "cond_n": 554,
      "cond_p10_cov": 0.16425992779783394,
      "cond_p90_cov": 0.9458483754512635,
      "inside_cov": 0.33307692307692305,
      "n": 1300,
      "p10_cov": 0.6438461538461538,
      "p90_cov": 0.9769230769230769
    },
    "starter|8-18": {
      "cond_inside_cov": 0.08,
      "cond_n": 25,
      "cond_p10_cov": 0.0,
      "cond_p90_cov": 0.08,
      "inside_cov": 0.08,
      "n": 25,
      "p10_cov": 0.0,
      "p90_cov": 0.08
    },
    "starter|<8": {
      "cond_inside_cov": 0.0,
      "cond_n": 5,
      "cond_p10_cov": 0.0,
      "cond_p90_cov": 0.0,
      "inside_cov": 0.0,
      "n": 5,
      "p10_cov": 0.0,
      "p90_cov": 0.0
    },
    "starter|>18": {
      "cond_inside_cov": 0.7608409986859396,
      "cond_n": 761,
      "cond_p10_cov": 0.12220762155059132,
      "cond_p90_cov": 0.8830486202365309,
      "inside_cov": 0.5848484848484848,
      "n": 990,
      "p10_cov": 0.32525252525252524,
      "p90_cov": 0.9101010101010101
    }
  },
  "playable_acceptance": {
    "p10_bounds": {
      "hi": 0.12,
      "lo": 0.08
    },
    "p90_bounds": {
      "hi": 0.94,
      "lo": 0.87
    },
    "passed": false,
    "playable_cond_count": 1543,
    "playable_count": 2540,
    "reasons": [
      "p10_cond_playable=0.14906027219701878 outside (0.08, 0.12)"
    ],
    "winkler_baseline": null,
    "winkler_tolerance": 1.0
  },
  "playable_cond_count": 1543,
  "playable_count": 2540,
  "playable_minutes_threshold": 10.0,
  "run_id": "v1_full_history_rebuilt_20251121",
  "target_col": "minutes",
  "train_rows": 182858,
  "val_excess_p10": 0.25859165123649275,
  "val_excess_p90": 0.026186632224733497,
  "val_floor_p10": 0.24415294030370752,
  "val_floor_p90": 0.9060058120762029,
  "val_inside_cond_playable": 0.7498379779650033,
  "val_mae_0_10": 16.87484229882181,
  "val_mae_10_20": 5.757088848854411,
  "val_mae_20_30": 4.416373002407028,
  "val_mae_30_plus": 5.9291900945367395,
  "val_mae_overall": 11.391277779764579,
  "val_mae_p50": 11.391277779764579,
  "val_mae_p50_raw": 11.391277779764579,
  "val_p10_cond_playable": 0.14906027219701878,
  "val_p10_conditional": 0.14014517029592408,
  "val_p10_coverage": 0.5027445915402002,
  "val_p10_raw_coverage": 0.5046819502744592,
  "val_p90_cond_playable": 0.8988982501620221,
  "val_p90_conditional": 0.8827470686767169,
  "val_p90_coverage": 0.9321924443009364,
  "val_p90_raw_coverage": 0.9341298030351953,
  "val_play_prob_brier": 0.3263000307397012,
  "val_play_prob_brier_playable": 0.3336550089160699,
  "val_play_prob_ece": 0.06649385429935388,
  "val_play_prob_ece_playable": 0.036846109769567016,
  "val_play_prob_mean": 0.8097499127859233,
  "val_play_prob_threshold": 0.5,
  "val_rows": 3209,
  "val_rows_unique": 3097,
  "val_will_play_rate": 0.9157248950597352,
  "val_winkler_cond_playable": 24.347006852126725,
  "winkler_alpha_0_2": 64.92893362440797
}